id,username,type,text,created_time,parent_id,likes,comments,shares,synthetic
ig_0_81,ig_vikram_154,photo,Kohli fans assemble #TeamIndia,2024-11-04 03:09:24,,3947,20,15,true
ig_0_20,ig_rahul_130,photo,Diwali lights at home #Diwali #Festival,2024-11-04 03:12:49,,366,42,24,true
ig_0_134,ig_vikram_282,reel,Family time this Diwali #Diwali,2024-11-04 03:13:21,,384,36,39,true
ig_0_27,ig_karan_155,photo,Monsoon mood #Rain,2024-11-04 03:20:14,,2418,33,9,true
ig_0_81_c83,ig_priya_210,comment,Bahut badhiya,2024-11-04 03:24:34,ig_0_81,6,0,0,true
ig_0_81_c84,ig_karan_255,comment,Wow,2024-11-04 03:30:42,ig_0_81,7,0,0,true
ig_0_27_c29,ig_aditi_316,comment,Amazing,2024-11-04 03:32:39,ig_0_27,26,0,0,true
ig_0_134_c135,ig_aditi_258,comment,Amazing,2024-11-04 03:50:04,ig_0_134,9,0,0,true
ig_0_20_c22,ig_aditi_235,comment,Amazing,2024-11-04 03:52:19,ig_0_20,14,0,0,true
ig_0_134_c136,ig_karan_82,comment,Haha so true,2024-11-04 03:56:14,ig_0_134,2,0,0,true
ig_0_27_c28,ig_vikram_166,comment,Great shot,2024-11-04 03:57:49,ig_0_27,23,0,0,true
ig_0_53,ig_aditi_100,photo,Rainy chai time #Rain,2024-11-04 04:48:02,,1207,16,23,true
ig_0_61,ig_sneha_241,photo,Homemade biryani #Foodie,2024-11-04 04:54:34,,1239,16,16,true
ig_0_31,ig_priya_268,photo,Best vada pav in town #Foodie,2024-11-04 05:05:22,,3439,52,1,true
ig_0_31_c32,ig_karan_43,comment,So pretty!,2024-11-04 05:17:20,ig_0_31,20,0,0,true
ig_0_81_c82,ig_vikram_269,comment,Where is this?,2024-11-04 05:21:36,ig_0_81,0,0,0,true
ig_0_61_c63,ig_rahul_201,comment,Love this,2024-11-04 05:36:24,ig_0_61,5,0,0,true
ig_0_140,ig_arjun_111,reel,Rainy chai time #Rain,2024-11-04 05:44:40,,660,24,22,true
ig_0_121,ig_arjun_38,reel,Street food crawl #Foodie,2024-11-04 05:54:44,,1859,38,16,true
ig_0_0,ig_rahul_163,reel,Clouds over the city #Monsoon,2024-11-04 05:56:10,,99,21,35,true
ig_0_20_c21,ig_aditi_306,comment,Where is this?,2024-11-04 05:59:41,ig_0_20,1,0,0,true
ig_0_27_c30,ig_priya_262,comment,Wow,2024-11-04 06:16:54,ig_0_27,25,0,0,true
ig_0_49,ig_arjun_248,reel,Movie night with the gang #Bollywood,2024-11-04 06:28:14,,34,60,31,true
ig_0_116,ig_aditi_144,photo,Rangoli done! #Diwali,2024-11-04 06:31:57,,1356,4,25,true
ig_0_16,ig_aditi_228,reel,Rainy chai time #Rain,2024-11-04 06:41:06,,1790,42,31,true
ig_0_141,ig_sneha_98,reel,Diwali lights at home #Diwali #Festival,2024-11-04 06:42:21,,2755,53,20,true
ig_0_26,ig_sneha_2,reel,Diwali lights at home #Diwali #Festival,2024-11-04 06:43:21,,609,25,37,true
ig_0_61_c62,ig_vikram_122,comment,Bahut badhiya,2024-11-04 06:51:34,ig_0_61,21,0,0,true
ig_0_61_c64,ig_arjun_38,comment,Where is this?,2024-11-04 06:55:43,ig_0_61,25,0,0,true
ig_0_23,ig_karan_168,photo,Yeh six dekha kya? #Cricket,2024-11-04 06:56:55,,1345,15,2,true
ig_0_4,ig_priya_20,photo,Stadium vibes tonight #Cricket,2024-11-04 06:59:00,,1127,48,8,true
ig_0_4_c7,ig_neha_45,comment,Bahut badhiya,2024-11-04 07:14:41,ig_0_4,22,0,0,true
ig_0_0_c1,ig_rahul_225,comment,So pretty!,2024-11-04 07:29:38,ig_0_0,16,0,0,true
ig_0_4_c5,ig_sneha_132,comment,Wow,2024-11-04 07:36:33,ig_0_4,29,0,0,true
ig_0_23_c24,ig_arjun_111,comment,Need this,2024-11-04 07:42:27,ig_0_23,10,0,0,true
ig_0_57,ig_priya_191,photo,Homemade biryani #Foodie,2024-11-04 07:44:02,,3641,1,40,true
ig_0_49_c51,ig_rahul_176,comment,Wow,2024-11-04 07:45:28,ig_0_49,26,0,0,true
ig_0_67,ig_arjun_188,reel,Yeh six dekha kya? #Cricket,2024-11-04 07:47:21,,847,56,1,true
ig_0_49_c52,ig_aditi_169,comment,So pretty!,2024-11-04 07:47:29,ig_0_49,10,0,0,true
ig_0_0_c2,ig_vikram_319,comment,Bahut badhiya,2024-11-04 08:00:05,ig_0_0,2,0,0,true
ig_0_95,ig_priya_63,photo,Stadium vibes tonight #Cricket,2024-11-04 08:16:19,,1577,22,19,true
ig_0_57_c58,ig_arjun_283,comment,Haha so true,2024-11-04 08:34:27,ig_0_57,2,0,0,true
ig_0_116_c117,ig_karan_125,comment,Haha so true,2024-11-04 08:39:12,ig_0_116,20,0,0,true
ig_0_137,ig_sneha_101,reel,What a catch!! #INDvsAUS #TeamIndia,2024-11-04 08:45:21,,3758,30,20,true
ig_0_54,ig_arjun_301,reel,Clouds over the city #Monsoon,2024-11-04 08:51:08,,3115,17,3,true
ig_0_23_c25,ig_neha_195,comment,Love this,2024-11-04 08:51:53,ig_0_23,16,0,0,true
ig_0_4_c6,ig_aditi_263,comment,Same here,2024-11-04 08:58:43,ig_0_4,10,0,0,true
ig_0_67_c69,ig_priya_192,comment,Bahut badhiya,2024-11-04 09:09:51,ig_0_67,1,0,0,true
ig_0_130,ig_priya_9,photo,That climax though #NewRelease,2024-11-04 09:12:40,,2659,12,25,true
ig_0_91,ig_neha_30,reel,Family time this Diwali #Diwali,2024-11-04 09:13:50,,3698,45,20,true
ig_0_8,ig_priya_37,reel,Diwali lights at home #Diwali #Festival,2024-11-04 09:22:47,,2618,5,16,true
ig_0_49_c50,ig_vikram_207,comment,Bahut badhiya,2024-11-04 09:23:18,ig_0_49,13,0,0,true
ig_0_16_c17,ig_priya_259,comment,Bahut badhiya,2024-11-04 09:26:47,ig_0_16,7,0,0,true
ig_0_57_c59,ig_aditi_25,comment,Wow,2024-11-04 09:33:20,ig_0_57,24,0,0,true
ig_0_144,ig_sneha_11,reel,Homemade biryani #Foodie,2024-11-04 09:34:31,,1925,15,28,true
ig_0_57_c60,ig_rahul_70,comment,Bahut badhiya,2024-11-04 09:41:36,ig_0_57,29,0,0,true
ig_0_0_c3,ig_sneha_57,comment,Where is this?,2024-11-04 09:49:26,ig_0_0,3,0,0,true
ig_0_113,ig_sneha_120,photo,Rainy chai time #Rain,2024-11-04 09:54:49,,3131,7,18,true
ig_0_16_c18,ig_neha_175,comment,Where is this?,2024-11-04 10:01:11,ig_0_16,22,0,0,true
ig_0_67_c70,ig_karan_255,comment,Bahut badhiya,2024-11-04 10:06:02,ig_0_67,11,0,0,true
ig_0_119,ig_priya_118,photo,Kohli fans assemble #TeamIndia,2024-11-04 10:07:17,,185,56,18,true
ig_0_110,ig_karan_278,reel,Match day outfit ready #INDvsAUS,2024-11-04 10:13:31,,3638,6,4,true
ig_0_89,ig_rahul_95,photo,Homemade biryani #Foodie,2024-11-04 10:26:11,,1728,58,3,true
ig_0_116_c118,ig_karan_51,comment,Great shot,2024-11-04 10:29:48,ig_0_116,3,0,0,true
ig_0_16_c19,ig_rahul_71,comment,Wow,2024-11-04 10:38:35,ig_0_16,1,0,0,true
ig_0_67_c68,ig_arjun_196,comment,Wow,2024-11-04 10:46:52,ig_0_67,6,0,0,true
ig_0_119_c120,ig_karan_61,comment,So pretty!,2024-11-04 10:54:24,ig_0_119,26,0,0,true
ig_0_110_c112,ig_karan_255,comment,Great shot,2024-11-04 10:56:44,ig_0_110,4,0,0,true
ig_0_13,ig_sneha_105,reel,First day first show #Bollywood,2024-11-04 10:57:58,,2773,11,17,true
ig_0_130_c131,ig_vikram_104,comment,So pretty!,2024-11-04 10:58:00,ig_0_130,5,0,0,true
ig_0_113_c114,ig_priya_143,comment,Same here,2024-11-04 11:00:32,ig_0_113,8,0,0,true
ig_0_130_c133,ig_karan_295,comment,Need this,2024-11-04 11:04:22,ig_0_130,5,0,0,true
ig_0_110_c111,ig_vikram_319,comment,Love this,2024-11-04 11:05:06,ig_0_110,13,0,0,true
ig_0_95_c96,ig_vikram_44,comment,So pretty!,2024-11-04 11:06:10,ig_0_95,6,0,0,true
ig_0_13_c14,ig_priya_9,comment,Bahut badhiya,2024-11-04 11:08:46,ig_0_13,0,0,0,true
ig_0_144_c145,ig_arjun_91,comment,Great shot,2024-11-04 11:11:47,ig_0_144,2,0,0,true
ig_0_95_c98,ig_rahul_165,comment,Need this,2024-11-04 11:13:48,ig_0_95,15,0,0,true
ig_0_65,ig_karan_231,photo,Clouds over the city #Monsoon,2024-11-04 11:15:20,,1770,8,35,true
ig_0_89_c90,ig_rahul_201,comment,So pretty!,2024-11-04 11:18:52,ig_0_89,19,0,0,true
ig_0_144_c146,ig_vikram_65,comment,Need this,2024-11-04 11:18:59,ig_0_144,2,0,0,true
ig_0_144_c147,ig_aditi_226,comment,Haha so true,2024-11-04 11:37:56,ig_0_144,1,0,0,true
ig_0_113_c115,ig_priya_133,comment,Where is this?,2024-11-04 11:41:24,ig_0_113,5,0,0,true
ig_0_95_c97,ig_vikram_190,comment,Haha so true,2024-11-04 11:57:09,ig_0_95,6,0,0,true
ig_0_65_c66,ig_priya_124,comment,Love this,2024-11-04 11:58:55,ig_0_65,17,0,0,true
ig_0_142,ig_karan_281,photo,Clouds over the city #Monsoon,2024-11-04 11:59:34,,2678,26,19,true
ig_0_54_c55,ig_vikram_52,comment,So pretty!,2024-11-04 12:11:47,ig_0_54,9,0,0,true
ig_0_79,ig_karan_270,photo,Diwali lights at home #Diwali #Festival,2024-11-04 12:23:49,,427,4,19,true
ig_0_99,ig_sneha_126,photo,Match day outfit ready #INDvsAUS,2024-11-04 12:28:29,,186,24,2,true
ig_0_130_c132,ig_arjun_216,comment,Love this,2024-11-04 12:29:55,ig_0_130,12,0,0,true
ig_0_148,ig_karan_42,photo,Kohli fans assemble #TeamIndia,2024-11-04 12:32:47,,3205,46,32,true
ig_0_122,ig_sneha_317,reel,What a catch!! #INDvsAUS #TeamIndia,2024-11-04 12:33:42,,1530,21,9,true
ig_0_99_c102,ig_arjun_171,comment,Same here,2024-11-04 12:40:52,ig_0_99,23,0,0,true
ig_0_54_c56,ig_neha_76,comment,Where is this?,2024-11-04 12:44:15,ig_0_54,13,0,0,true
ig_0_127,ig_sneha_79,photo,Monsoon mood #Rain,2024-11-04 12:57:37,,2694,10,25,true
ig_0_71,ig_karan_270,photo,Rangoli done! #Diwali,2024-11-04 13:18:04,,399,17,15,true
ig_0_79_c80,ig_karan_198,comment,Bahut badhiya,2024-11-04 13:19:02,ig_0_79,19,0,0,true
ig_0_42,ig_neha_250,reel,Yeh six dekha kya? #Cricket,2024-11-04 13:22:57,,1189,29,29,true
ig_0_71_c73,ig_sneha_11,comment,Amazing,2024-11-04 13:27:45,ig_0_71,22,0,0,true
ig_0_99_c100,ig_rahul_32,comment,So pretty!,2024-11-04 13:31:39,ig_0_99,23,0,0,true
ig_0_99_c101,ig_rahul_32,comment,Same here,2024-11-04 13:51:11,ig_0_99,8,0,0,true
ig_0_42_c43,ig_aditi_60,comment,Haha so true,2024-11-04 14:12:23,ig_0_42,2,0,0,true
ig_0_35,ig_aditi_257,photo,What a catch!! #INDvsAUS #TeamIndia,2024-11-04 14:13:26,,2720,33,4,true
ig_0_88,ig_neha_99,reel,Movie night with the gang #Bollywood,2024-11-04 14:29:16,,1105,48,18,true
ig_0_39,ig_arjun_315,photo,Movie night with the gang #Bollywood,2024-11-04 14:30:16,,337,38,9,true
ig_0_35_c38,ig_aditi_252,comment,Wow,2024-11-04 14:33:42,ig_0_35,29,0,0,true
ig_0_42_c44,ig_arjun_242,comment,So pretty!,2024-11-04 14:33:53,ig_0_42,2,0,0,true
ig_0_142_c143,ig_karan_217,comment,Wow,2024-11-04 14:38:22,ig_0_142,14,0,0,true
ig_0_39_c41,ig_vikram_6,comment,Great shot,2024-11-04 14:46:42,ig_0_39,8,0,0,true
ig_0_13_c15,ig_aditi_258,comment,Haha so true,2024-11-04 14:52:45,ig_0_13,16,0,0,true
ig_0_71_c72,ig_arjun_204,comment,Great shot,2024-11-04 15:02:51,ig_0_71,9,0,0,true
ig_0_71_c74,ig_arjun_242,comment,Same here,2024-11-04 15:16:39,ig_0_71,2,0,0,true
ig_0_107,ig_karan_77,photo,That climax though #NewRelease,2024-11-04 15:20:28,,3547,20,29,true
ig_0_104,ig_neha_54,photo,Match day outfit ready #INDvsAUS,2024-11-04 15:23:24,,3927,49,24,true
ig_0_127_c128,ig_karan_209,comment,Bahut badhiya,2024-11-04 15:38:33,ig_0_127,13,0,0,true
ig_0_9,ig_vikram_34,reel,Street food crawl #Foodie,2024-11-04 15:50:36,,1878,0,21,true
ig_0_104_c105,ig_vikram_220,comment,Great shot,2024-11-04 15:57:00,ig_0_104,15,0,0,true
ig_0_127_c129,ig_neha_26,comment,Bahut badhiya,2024-11-04 15:57:00,ig_0_127,28,0,0,true
ig_0_9_c10,ig_karan_137,comment,Same here,2024-11-04 16:23:21,ig_0_9,16,0,0,true
ig_0_9_c12,ig_aditi_25,comment,Amazing,2024-11-04 16:40:37,ig_0_9,9,0,0,true
ig_0_46,ig_aditi_107,reel,Diwali lights at home #Diwali #Festival,2024-11-04 16:44:53,,600,47,33,true
ig_0_103,ig_neha_152,reel,First day first show #Bollywood,2024-11-04 16:51:48,,3773,51,40,true
ig_0_85,ig_neha_116,photo,Rainy chai time #Rain,2024-11-04 16:52:38,,1404,45,26,true
ig_0_138,ig_karan_198,reel,Best vada pav in town #Foodie,2024-11-04 16:53:33,,2560,44,10,true
ig_0_85_c86,ig_arjun_202,comment,Where is this?,2024-11-04 16:56:15,ig_0_85,9,0,0,true
ig_0_75,ig_karan_270,photo,Clouds over the city #Monsoon,2024-11-04 16:57:12,,1037,50,6,true
ig_0_92,ig_karan_168,reel,Yeh six dekha kya? #Cricket,2024-11-04 16:58:26,,3076,29,2,true
ig_0_107_c109,ig_priya_81,comment,Where is this?,2024-11-04 16:59:31,ig_0_107,20,0,0,true
ig_0_39_c40,ig_rahul_130,comment,Bahut badhiya,2024-11-04 17:00:06,ig_0_39,4,0,0,true
ig_0_92_c94,ig_karan_86,comment,Love this,2024-11-04 17:01:07,ig_0_92,8,0,0,true
ig_0_77,ig_vikram_234,reel,What a catch!! #INDvsAUS #TeamIndia,2024-11-04 17:07:20,,25,50,8,true
ig_0_35_c37,ig_sneha_105,comment,Where is this?,2024-11-04 17:11:31,ig_0_35,14,0,0,true
ig_0_42_c45,ig_priya_259,comment,Great shot,2024-11-04 17:21:31,ig_0_42,12,0,0,true
ig_0_33,ig_priya_192,photo,First day first show #Bollywood,2024-11-04 17:23:33,,227,40,1,true
ig_0_107_c108,ig_vikram_305,comment,Love this,2024-11-04 17:24:18,ig_0_107,12,0,0,true
ig_0_33_c34,ig_neha_250,comment,Bahut badhiya,2024-11-04 17:26:21,ig_0_33,25,0,0,true
ig_0_35_c36,ig_sneha_129,comment,Love this,2024-11-04 17:36:49,ig_0_35,7,0,0,true
ig_0_85_c87,ig_aditi_258,comment,Love this,2024-11-04 17:43:29,ig_0_85,6,0,0,true
ig_0_123,ig_arjun_19,photo,Rangoli done! #Diwali,2024-11-04 17:59:53,,3357,0,20,true
ig_0_104_c106,ig_sneha_93,comment,So pretty!,2024-11-04 18:36:25,ig_0_104,23,0,0,true
ig_0_75_c76,ig_sneha_79,comment,Amazing,2024-11-04 19:03:32,ig_0_75,21,0,0,true
ig_0_46_c47,ig_arjun_184,comment,Amazing,2024-11-04 19:10:30,ig_0_46,20,0,0,true
ig_0_138_c139,ig_sneha_317,comment,Wow,2024-11-04 19:21:51,ig_0_138,6,0,0,true
ig_0_123_c126,ig_neha_247,comment,Love this,2024-11-04 19:39:01,ig_0_123,25,0,0,true
ig_0_77_c78,ig_aditi_291,comment,So pretty!,2024-11-04 19:42:58,ig_0_77,9,0,0,true
ig_0_9_c11,ig_vikram_122,comment,Love this,2024-11-04 19:43:16,ig_0_9,8,0,0,true
ig_0_46_c48,ig_karan_260,comment,Bahut badhiya,2024-11-04 20:17:58,ig_0_46,22,0,0,true
ig_0_123_c124,ig_vikram_190,comment,Amazing,2024-11-04 20:29:41,ig_0_123,2,0,0,true
ig_0_92_c93,ig_neha_193,comment,Need this,2024-11-04 20:54:51,ig_0_92,14,0,0,true
ig_0_123_c125,ig_vikram_104,comment,So pretty!,2024-11-04 21:11:09,ig_0_123,17,0,0,true
ig_1_249,ig_arjun_23,photo,Kohli fans assemble #TeamIndia,2024-11-05 03:18:30,,3332,6,32,true
ig_1_249_c250,ig_arjun_248,comment,Amazing,2024-11-05 03:28:34,ig_1_249,22,0,0,true
ig_1_189,ig_vikram_44,photo,Kohli fans assemble #TeamIndia,2024-11-05 03:30:28,,1974,6,8,true
ig_1_262,ig_vikram_234,photo,Rangoli done! #Diwali,2024-11-05 03:35:31,,435,42,11,true
ig_1_171,ig_priya_272,reel,Stadium vibes tonight #Cricket,2024-11-05 03:39:36,,993,10,3,true
ig_1_270,ig_sneha_241,reel,Stadium vibes tonight #Cricket,2024-11-05 04:14:37,,2587,0,27,true
ig_1_249_c251,ig_vikram_212,comment,Amazing,2024-11-05 04:41:05,ig_1_249,27,0,0,true
ig_1_244,ig_rahul_214,reel,Street food crawl #Foodie,2024-11-05 04:46:34,,1958,31,35,true
ig_1_150,ig_sneha_251,reel,Rangoli done! #Diwali,2024-11-05 04:58:27,,2830,50,14,true
ig_1_186,ig_sneha_21,photo,What a catch!! #INDvsAUS #TeamIndia,2024-11-05 05:04:33,,289,54,37,true
ig_1_185,ig_rahul_13,reel,Rangoli done! #Diwali,2024-11-05 05:10:08,,1432,9,1,true
ig_1_249_c252,ig_arjun_187,comment,Need this,2024-11-05 05:13:26,ig_1_249,16,0,0,true
ig_1_236,ig_karan_155,photo,Movie night with the gang #Bollywood,2024-11-05 05:17:28,,369,52,36,true
ig_1_199,ig_vikram_41,photo,Rainy chai time #Rain,2024-11-05 05:29:12,,2318,50,6,true
ig_1_166,ig_vikram_319,photo,Rangoli done! #Diwali,2024-11-05 06:03:45,,571,0,15,true
ig_1_186_c188,ig_arjun_196,comment,Love this,2024-11-05 06:05:14,ig_1_186,6,0,0,true
ig_1_202,ig_arjun_134,photo,First day first show #Bollywood,2024-11-05 06:05:30,,2072,10,24,true
ig_1_162,ig_rahul_148,photo,Match day outfit ready #INDvsAUS,2024-11-05 06:19:28,,1730,32,23,true
ig_1_166_c167,ig_aditi_230,comment,Love this,2024-11-05 06:20:55,ig_1_166,4,0,0,true
ig_1_177,ig_arjun_19,reel,First day first show #Bollywood,2024-11-05 06:29:04,,3809,44,16,true
ig_1_199_c200,ig_vikram_182,comment,Love this,2024-11-05 07:06:42,ig_1_199,12,0,0,true
ig_1_254,ig_aditi_252,photo,First day first show #Bollywood,2024-11-05 07:23:35,,1132,55,32,true
ig_1_190,ig_vikram_172,photo,Diwali lights at home #Diwali #Festival,2024-11-05 07:25:00,,1457,16,18,true
ig_1_236_c238,ig_arjun_298,comment,So pretty!,2024-11-05 07:55:54,ig_1_236,6,0,0,true
ig_1_196,ig_arjun_48,photo,Stadium vibes tonight #Cricket,2024-11-05 08:13:01,,3981,31,37,true
ig_1_209,ig_sneha_120,reel,Street food crawl #Foodie,2024-11-05 08:13:46,,1079,46,6,true
ig_1_202_c203,ig_aditi_235,comment,Amazing,2024-11-05 08:14:00,ig_1_202,24,0,0,true
ig_1_235,ig_vikram_154,reel,That climax though #NewRelease,2024-11-05 08:22:10,,1775,39,40,true
ig_1_159,ig_vikram_41,photo,Rangoli done! #Diwali,2024-11-05 08:24:13,,2540,47,3,true
ig_1_236_c237,ig_rahul_71,comment,Haha so true,2024-11-05 08:37:20,ig_1_236,20,0,0,true
ig_1_186_c187,ig_neha_102,comment,Haha so true,2024-11-05 08:38:41,ig_1_186,2,0,0,true
ig_1_168,ig_rahul_135,photo,Movie night with the gang #Bollywood,2024-11-05 09:01:45,,2661,52,35,true
ig_1_199_c201,ig_vikram_44,comment,Wow,2024-11-05 09:02:39,ig_1_199,0,0,0,true
ig_1_159_c160,ig_aditi_264,comment,Bahut badhiya,2024-11-05 09:40:01,ig_1_159,30,0,0,true
ig_1_209_c210,ig_vikram_52,comment,Where is this?,2024-11-05 09:47:12,ig_1_209,4,0,0,true
ig_1_214,ig_neha_72,reel,First day first show #Bollywood,2024-11-05 09:56:57,,1677,0,15,true
ig_1_245,ig_karan_73,photo,Monsoon mood #Rain,2024-11-05 10:00:23,,2060,10,34,true
ig_1_168_c170,ig_aditi_265,comment,Great shot,2024-11-05 10:02:53,ig_1_168,28,0,0,true
ig_1_254_c256,ig_sneha_98,comment,Need this,2024-11-05 10:15:19,ig_1_254,4,0,0,true
ig_1_163,ig_karan_313,photo,Diwali lights at home #Diwali #Festival,2024-11-05 10:19:33,,242,0,36,true
ig_1_266,ig_rahul_267,reel,What a catch!! #INDvsAUS #TeamIndia,2024-11-05 10:27:59,,3189,51,26,true
ig_1_196_c197,ig_aditi_263,comment,Bahut badhiya,2024-11-05 10:32:35,ig_1_196,5,0,0,true
ig_1_266_c267,ig_aditi_228,comment,Love this,2024-11-05 10:33:21,ig_1_266,12,0,0,true
ig_1_254_c255,ig_vikram_104,comment,Great shot,2024-11-05 10:34:04,ig_1_254,10,0,0,true
ig_1_168_c169,ig_aditi_304,comment,Same here,2024-11-05 10:49:22,ig_1_168,29,0,0,true
ig_1_224,ig_priya_210,photo,That climax though #NewRelease,2024-11-05 10:49:31,,880,43,11,true
ig_1_224_c227,ig_arjun_204,comment,So pretty!,2024-11-05 10:54:41,ig_1_224,13,0,0,true
ig_1_159_c161,ig_sneha_299,comment,Need this,2024-11-05 11:20:41,ig_1_159,23,0,0,true
ig_1_195,ig_priya_147,reel,What a catch!! #INDvsAUS #TeamIndia,2024-11-05 11:37:05,,2164,12,18,true
ig_1_214_c217,ig_sneha_92,comment,Love this,2024-11-05 11:46:58,ig_1_214,10,0,0,true
ig_1_224_c226,ig_vikram_182,comment,So pretty!,2024-11-05 11:51:36,ig_1_224,12,0,0,true
ig_1_153,ig_arjun_315,photo,Festive sweets haul #Festival,2024-11-05 11:52:41,,1544,2,12,true
ig_1_196_c198,ig_rahul_145,comment,Where is this?,2024-11-05 11:58:20,ig_1_196,7,0,0,true
ig_1_151,ig_sneha_129,reel,First day first show #Bollywood,2024-11-05 12:09:24,,1146,57,29,true
ig_1_172,ig_aditi_100,reel,Stadium vibes tonight #Cricket,2024-11-05 12:11:22,,2142,38,32,true
ig_1_172_c175,ig_priya_244,comment,Haha so true,2024-11-05 12:14:53,ig_1_172,27,0,0,true
ig_1_218,ig_neha_50,photo,Movie night with the gang #Bollywood,2024-11-05 12:25:26,,3224,25,40,true
ig_1_228,ig_vikram_180,photo,Monsoon mood #Rain,2024-11-05 12:25:42,,939,19,25,true
ig_1_163_c164,ig_karan_155,comment,Love this,2024-11-05 12:26:03,ig_1_163,17,0,0,true
ig_1_178,ig_karan_223,photo,First day first show #Bollywood,2024-11-05 12:32:16,,4000,16,18,true
ig_1_178_c179,ig_karan_43,comment,Haha so true,2024-11-05 12:37:54,ig_1_178,8,0,0,true
ig_1_207,ig_vikram_121,photo,Clouds over the city #Monsoon,2024-11-05 12:38:25,,1254,48,39,true
ig_1_163_c165,ig_karan_114,comment,Wow,2024-11-05 12:40:26,ig_1_163,18,0,0,true
ig_1_204,ig_vikram_178,photo,Best vada pav in town #Foodie,2024-11-05 12:41:40,,656,55,28,true
ig_1_239,ig_sneha_128,photo,Yeh six dekha kya? #Cricket,2024-11-05 12:50:21,,604,54,14,true
ig_1_214_c215,ig_rahul_293,comment,Same here,2024-11-05 12:57:14,ig_1_214,13,0,0,true
ig_1_228_c229,ig_vikram_200,comment,Great shot,2024-11-05 13:18:10,ig_1_228,4,0,0,true
ig_1_214_c216,ig_neha_117,comment,Same here,2024-11-05 13:21:49,ig_1_214,21,0,0,true
ig_1_266_c269,ig_sneha_79,comment,Great shot,2024-11-05 13:33:13,ig_1_266,17,0,0,true
ig_1_204_c206,ig_karan_131,comment,Same here,2024-11-05 13:38:39,ig_1_204,10,0,0,true
ig_1_224_c225,ig_aditi_263,comment,Love this,2024-11-05 13:45:02,ig_1_224,19,0,0,true
ig_1_211,ig_sneha_222,reel,Movie night with the gang #Bollywood,2024-11-05 13:59:57,,2633,58,6,true
ig_1_176,ig_priya_238,reel,Rainy chai time #Rain,2024-11-05 14:10:40,,1873,11,14,true
ig_1_172_c173,ig_karan_313,comment,Amazing,2024-11-05 14:14:25,ig_1_172,2,0,0,true
ig_1_149,ig_neha_193,photo,Stadium vibes tonight #Cricket,2024-11-05 14:16:51,,125,54,4,true
ig_1_218_c219,ig_sneha_128,comment,Wow,2024-11-05 14:22:20,ig_1_218,0,0,0,true
ig_1_153_c154,ig_arjun_206,comment,Amazing,2024-11-05 14:26:12,ig_1_153,8,0,0,true
ig_1_266_c268,ig_aditi_304,comment,Same here,2024-11-05 14:26:21,ig_1_266,21,0,0,true
ig_1_204_c205,ig_karan_86,comment,Great shot,2024-11-05 14:28:06,ig_1_204,24,0,0,true
ig_1_253,ig_aditi_107,reel,Homemade biryani #Foodie,2024-11-05 14:33:31,,1750,16,35,true
ig_1_263,ig_vikram_6,reel,Monsoon mood #Rain,2024-11-05 14:37:04,,3241,19,35,true
ig_1_233,ig_neha_117,reel,That climax though #NewRelease,2024-11-05 14:45:14,,2835,16,27,true
ig_1_241,ig_rahul_85,photo,Rainy chai time #Rain,2024-11-05 14:52:30,,2511,50,5,true
ig_1_230,ig_sneha_98,photo,Yeh six dekha kya? #Cricket,2024-11-05 15:08:36,,2972,14,9,true
ig_1_221,ig_neha_54,reel,Rainy chai time #Rain,2024-11-05 15:28:41,,912,10,12,true
ig_1_207_c208,ig_sneha_79,comment,Where is this?,2024-11-05 15:32:32,ig_1_207,19,0,0,true
ig_1_221_c223,ig_arjun_243,comment,Haha so true,2024-11-05 15:34:31,ig_1_221,25,0,0,true
ig_1_246,ig_rahul_239,photo,Family time this Diwali #Diwali,2024-11-05 15:36:41,,2745,18,29,true
ig_1_180,ig_sneha_103,photo,Festive sweets haul #Festival,2024-11-05 15:37:33,,806,56,24,true
ig_1_183,ig_karan_223,photo,Stadium vibes tonight #Cricket,2024-11-05 15:51:46,,2356,56,19,true
ig_1_211_c212,ig_sneha_105,comment,Wow,2024-11-05 15:52:22,ig_1_211,0,0,0,true
ig_1_220,ig_aditi_265,photo,Street food crawl #Foodie,2024-11-05 15:52:41,,3683,41,20,true
ig_1_239_c240,ig_karan_231,comment,Need this,2024-11-05 15:59:09,ig_1_239,6,0,0,true
ig_1_151_c152,ig_rahul_130,comment,Haha so true,2024-11-05 16:00:54,ig_1_151,15,0,0,true
ig_1_172_c174,ig_vikram_153,comment,So pretty!,2024-11-05 16:09:57,ig_1_172,23,0,0,true
ig_1_263_c264,ig_vikram_154,comment,Amazing,2024-11-05 16:19:27,ig_1_263,10,0,0,true
ig_1_155,ig_karan_86,photo,That climax though #NewRelease,2024-11-05 16:25:52,,491,49,33,true
ig_1_261,ig_karan_313,reel,Street food crawl #Foodie,2024-11-05 16:38:50,,2587,43,38,true
ig_1_191,ig_aditi_308,photo,That climax though #NewRelease,2024-11-05 16:39:18,,2552,47,1,true
ig_1_211_c213,ig_arjun_204,comment,Wow,2024-11-05 16:47:00,ig_1_211,16,0,0,true
ig_1_263_c265,ig_rahul_10,comment,Wow,2024-11-05 16:53:52,ig_1_263,18,0,0,true
ig_1_180_c181,ig_neha_307,comment,Where is this?,2024-11-05 17:09:51,ig_1_180,27,0,0,true
ig_1_221_c222,ig_karan_51,comment,Same here,2024-11-05 17:19:23,ig_1_221,6,0,0,true
ig_1_156,ig_karan_231,photo,First day first show #Bollywood,2024-11-05 17:29:32,,2841,56,6,true
ig_1_180_c182,ig_arjun_274,comment,Great shot,2024-11-05 17:31:55,ig_1_180,16,0,0,true
ig_1_241_c243,ig_sneha_40,comment,Great shot,2024-11-05 17:34:15,ig_1_241,3,0,0,true
ig_1_257,ig_vikram_44,photo,Street food crawl #Foodie,2024-11-05 17:35:28,,1653,46,35,true
ig_1_241_c242,ig_sneha_101,comment,Great shot,2024-11-05 17:39:23,ig_1_241,16,0,0,true
ig_1_257_c259,ig_rahul_55,comment,So pretty!,2024-11-05 17:48:31,ig_1_257,26,0,0,true
ig_1_257_c258,ig_priya_279,comment,Same here,2024-11-05 17:49:18,ig_1_257,9,0,0,true
ig_1_233_c234,ig_arjun_246,comment,So pretty!,2024-11-05 17:58:55,ig_1_233,25,0,0,true
ig_1_246_c248,ig_arjun_38,comment,Amazing,2024-11-05 18:10:18,ig_1_246,20,0,0,true
ig_1_183_c184,ig_vikram_200,comment,Same here,2024-11-05 18:13:04,ig_1_183,18,0,0,true
ig_1_230_c232,ig_rahul_280,comment,Amazing,2024-11-05 18:16:13,ig_1_230,15,0,0,true
ig_1_191_c192,ig_rahul_15,comment,Wow,2024-11-05 18:44:43,ig_1_191,3,0,0,true
ig_1_230_c231,ig_karan_211,comment,Great shot,2024-11-05 19:07:41,ig_1_230,24,0,0,true
ig_1_191_c193,ig_neha_177,comment,Great shot,2024-11-05 19:29:00,ig_1_191,17,0,0,true
ig_1_191_c194,ig_arjun_289,comment,Where is this?,2024-11-05 19:31:19,ig_1_191,26,0,0,true
ig_1_246_c247,ig_aditi_218,comment,Wow,2024-11-05 19:36:40,ig_1_246,21,0,0,true
ig_1_156_c157,ig_arjun_274,comment,Wow,2024-11-05 20:27:09,ig_1_156,11,0,0,true
ig_1_257_c260,ig_arjun_243,comment,Same here,2024-11-05 20:39:46,ig_1_257,1,0,0,true
ig_1_156_c158,ig_rahul_135,comment,Wow,2024-11-05 21:27:16,ig_1_156,18,0,0,true
ig_2_362,ig_vikram_180,reel,Monsoon mood #Rain,2024-11-06 03:10:41,,1346,35,20,true
ig_2_275,ig_aditi_316,reel,Kohli fans assemble #TeamIndia,2024-11-06 03:13:15,,1299,46,38,true
ig_2_377,ig_karan_131,photo,Match day outfit ready #INDvsAUS,2024-11-06 03:23:01,,1248,58,34,true
ig_2_275_c276,ig_vikram_249,comment,Same here,2024-11-06 03:29:29,ig_2_275,11,0,0,true
ig_2_400,ig_rahul_300,photo,Festive sweets haul #Festival,2024-11-06 03:39:34,,45,57,29,true
ig_2_340,ig_priya_63,photo,Festive sweets haul #Festival,2024-11-06 03:40:39,,470,7,7,true
ig_2_349,ig_rahul_221,reel,Diwali lights at home #Diwali #Festival,2024-11-06 04:02:20,,943,8,26,true
ig_2_298,ig_neha_26,reel,Clouds over the city #Monsoon,2024-11-06 04:15:17,,3586,45,29,true
ig_2_388,ig_aditi_291,photo,Best vada pav in town #Foodie,2024-11-06 04:35:57,,2980,2,26,true
ig_2_400_c402,ig_priya_253,comment,Love this,2024-11-06 04:39:23,ig_2_400,12,0,0,true
ig_2_385,ig_sneha_150,photo,Family time this Diwali #Diwali,2024-11-06 04:39:27,,2604,10,33,true
ig_2_400_c401,ig_rahul_214,comment,Same here,2024-11-06 04:41:32,ig_2_400,28,0,0,true
ig_2_385_c387,ig_karan_211,comment,Amazing,2024-11-06 04:55:46,ig_2_385,18,0,0,true
ig_2_377_c379,ig_aditi_264,comment,Wow,2024-11-06 04:57:43,ig_2_377,11,0,0,true
ig_2_357,ig_sneha_150,photo,Best vada pav in town #Foodie,2024-11-06 04:58:13,,1200,17,15,true
ig_2_349_c352,ig_arjun_136,comment,Same here,2024-11-06 05:09:24,ig_2_349,17,0,0,true
ig_2_321,ig_arjun_8,photo,First day first show #Bollywood,2024-11-06 05:09:54,,1416,32,8,true
ig_2_305,ig_sneha_2,photo,Kohli fans assemble #TeamIndia,2024-11-06 05:10:19,,2435,37,28,true
ig_2_298_c300,ig_karan_61,comment,Love this,2024-11-06 05:18:30,ig_2_298,18,0,0,true
ig_2_392,ig_karan_260,reel,Diwali lights at home #Diwali #Festival,2024-11-06 05:21:05,,331,10,33,true
ig_2_396,ig_arjun_136,photo,First day first show #Bollywood,2024-11-06 05:32:28,,278,22,12,true
ig_2_362_c365,ig_vikram_282,comment,Love this,2024-11-06 05:36:54,ig_2_362,11,0,0,true
ig_2_396_c397,ig_vikram_319,comment,Wow,2024-11-06 05:39:07,ig_2_396,7,0,0,true
ig_2_314,ig_karan_231,photo,Stadium vibes tonight #Cricket,2024-11-06 05:42:12,,1818,55,9,true
ig_2_321_c324,ig_priya_141,comment,Same here,2024-11-06 05:54:55,ig_2_321,26,0,0,true
ig_2_390,ig_vikram_254,photo,Yeh six dekha kya? #Cricket,2024-11-06 05:56:59,,1109,55,34,true
ig_2_340_c341,ig_rahul_70,comment,Haha so true,2024-11-06 06:03:30,ig_2_340,27,0,0,true
ig_2_362_c364,ig_aditi_151,comment,So pretty!,2024-11-06 06:16:27,ig_2_362,5,0,0,true
ig_2_321_c322,ig_vikram_0,comment,Haha so true,2024-11-06 06:20:04,ig_2_321,11,0,0,true
ig_2_337,ig_sneha_93,reel,Kohli fans assemble #TeamIndia,2024-11-06 06:21:19,,1045,35,1,true
ig_2_340_c342,ig_neha_116,comment,Amazing,2024-11-06 06:21:49,ig_2_340,14,0,0,true
ig_2_385_c386,ig_aditi_261,comment,Where is this?,2024-11-06 06:41:37,ig_2_385,6,0,0,true
ig_2_362_c363,ig_aditi_138,comment,Bahut badhiya,2024-11-06 06:41:44,ig_2_362,6,0,0,true
ig_2_314_c315,ig_rahul_214,comment,Wow,2024-11-06 06:42:56,ig_2_314,0,0,0,true
ig_2_298_c299,ig_rahul_32,comment,Same here,2024-11-06 06:49:34,ig_2_298,29,0,0,true
ig_2_317,ig_rahul_55,reel,Family time this Diwali #Diwali,2024-11-06 06:54:36,,487,9,32,true
ig_2_284,ig_arjun_216,reel,Movie night with the gang #Bollywood,2024-11-06 06:56:44,,1201,53,9,true
ig_2_369,ig_vikram_65,photo,Monsoon mood #Rain,2024-11-06 07:01:48,,37,26,35,true
ig_2_392_c393,ig_rahul_239,comment,Same here,2024-11-06 07:05:34,ig_2_392,25,0,0,true
ig_2_349_c350,ig_aditi_232,comment,So pretty!,2024-11-06 07:16:56,ig_2_349,28,0,0,true
ig_2_358,ig_aditi_232,photo,Best vada pav in town #Foodie,2024-11-06 07:18:27,,927,41,24,true
ig_2_377_c378,ig_neha_275,comment,Same here,2024-11-06 07:22:37,ig_2_377,16,0,0,true
ig_2_280,ig_aditi_31,photo,First day first show #Bollywood,2024-11-06 07:23:08,,2900,51,38,true
ig_2_340_c343,ig_rahul_203,comment,Amazing,2024-11-06 07:28:19,ig_2_340,0,0,0,true
ig_2_349_c351,ig_priya_20,comment,So pretty!,2024-11-06 07:30:21,ig_2_349,19,0,0,true
ig_2_389,ig_arjun_283,reel,Kohli fans assemble #TeamIndia,2024-11-06 07:36:03,,1648,53,6,true
ig_2_390_c391,ig_sneha_294,comment,Where is this?,2024-11-06 07:36:49,ig_2_390,3,0,0,true
ig_2_306,ig_karan_131,reel,Clouds over the city #Monsoon,2024-11-06 07:51:31,,1991,24,10,true
ig_2_396_c399,ig_rahul_225,comment,So pretty!,2024-11-06 08:02:04,ig_2_396,7,0,0,true
ig_2_298_c301,ig_aditi_119,comment,Love this,2024-11-06 08:04:55,ig_2_298,21,0,0,true
ig_2_392_c394,ig_aditi_31,comment,So pretty!,2024-11-06 08:06:01,ig_2_392,18,0,0,true
ig_2_286,ig_karan_43,photo,Clouds over the city #Monsoon,2024-11-06 08:12:10,,3286,24,12,true
ig_2_392_c395,ig_rahul_165,comment,Amazing,2024-11-06 08:13:22,ig_2_392,11,0,0,true
ig_2_292,ig_neha_288,reel,First day first show #Bollywood,2024-11-06 08:26:32,,3530,9,15,true
ig_2_286_c287,ig_karan_158,comment,Same here,2024-11-06 08:27:52,ig_2_286,12,0,0,true
ig_2_396_c398,ig_arjun_202,comment,Same here,2024-11-06 08:36:19,ig_2_396,1,0,0,true
ig_2_293,ig_neha_54,reel,Clouds over the city #Monsoon,2024-11-06 08:36:38,,3244,5,9,true
ig_2_283,ig_priya_192,photo,Rangoli done! #Diwali,2024-11-06 08:39:00,,3327,28,18,true
ig_2_375,ig_priya_118,reel,Homemade biryani #Foodie,2024-11-06 08:39:17,,1346,53,38,true
ig_2_321_c323,ig_sneha_222,comment,So pretty!,2024-11-06 08:48:58,ig_2_321,6,0,0,true
ig_2_302,ig_priya_229,photo,Homemade biryani #Foodie,2024-11-06 08:53:48,,3975,15,14,true
ig_2_370,ig_sneha_292,reel,Clouds over the city #Monsoon,2024-11-06 08:57:44,,3594,39,38,true
ig_2_293_c295,ig_arjun_310,comment,So pretty!,2024-11-06 09:01:01,ig_2_293,6,0,0,true
ig_2_314_c316,ig_aditi_138,comment,Same here,2024-11-06 09:04:01,ig_2_314,10,0,0,true
ig_2_280_c282,ig_karan_158,comment,Same here,2024-11-06 09:07:08,ig_2_280,28,0,0,true
ig_2_358_c359,ig_rahul_280,comment,Need this,2024-11-06 09:10:08,ig_2_358,17,0,0,true
ig_2_284_c285,ig_vikram_140,comment,Haha so true,2024-11-06 09:41:41,ig_2_284,29,0,0,true
ig_2_273,ig_rahul_95,photo,Festive sweets haul #Festival,2024-11-06 09:45:41,,3190,47,9,true
ig_2_293_c294,ig_vikram_305,comment,So pretty!,2024-11-06 10:00:43,ig_2_293,16,0,0,true
ig_2_296,ig_karan_290,reel,Homemade biryani #Foodie,2024-11-06 10:17:41,,1764,6,28,true
ig_2_280_c281,ig_arjun_310,comment,So pretty!,2024-11-06 10:42:59,ig_2_280,19,0,0,true
ig_2_306_c308,ig_vikram_6,comment,Great shot,2024-11-06 10:44:13,ig_2_306,6,0,0,true
ig_2_329,ig_neha_177,reel,Match day outfit ready #INDvsAUS,2024-11-06 10:46:36,,389,0,26,true
ig_2_325,ig_neha_117,photo,Rangoli done! #Diwali,2024-11-06 10:49:29,,2480,5,5,true
ig_2_318,ig_vikram_146,reel,Rangoli done! #Diwali,2024-11-06 11:23:56,,3995,23,27,true
ig_2_329_c331,ig_arjun_187,comment,So pretty!,2024-11-06 11:27:31,ig_2_329,11,0,0,true
ig_2_306_c307,ig_vikram_122,comment,Amazing,2024-11-06 11:31:07,ig_2_306,28,0,0,true
ig_2_306_c309,ig_rahul_18,comment,Amazing,2024-11-06 11:34:18,ig_2_306,7,0,0,true
ig_2_318_c320,ig_vikram_212,comment,Amazing,2024-11-06 11:39:37,ig_2_318,23,0,0,true
ig_2_296_c297,ig_rahul_130,comment,So pretty!,2024-11-06 11:40:19,ig_2_296,5,0,0,true
ig_2_325_c326,ig_vikram_140,comment,Amazing,2024-11-06 11:40:31,ig_2_325,19,0,0,true
ig_2_329_c330,ig_karan_68,comment,Bahut badhiya,2024-11-06 11:47:43,ig_2_329,18,0,0,true
ig_2_318_c319,ig_vikram_122,comment,Where is this?,2024-11-06 11:49:10,ig_2_318,9,0,0,true
ig_2_380,ig_aditi_179,photo,What a catch!! #INDvsAUS #TeamIndia,2024-11-06 11:55:14,,2790,4,33,true
ig_2_325_c327,ig_sneha_98,comment,Same here,2024-11-06 12:04:48,ig_2_325,0,0,0,true
ig_2_360,ig_aditi_240,photo,Movie night with the gang #Bollywood,2024-11-06 12:11:31,,1012,21,14,true
ig_2_353,ig_sneha_128,reel,What a catch!! #INDvsAUS #TeamIndia,2024-11-06 12:19:07,,1796,15,2,true
ig_2_274,ig_karan_255,photo,That climax though #NewRelease,2024-11-06 12:25:45,,3761,3,2,true
ig_2_325_c328,ig_arjun_33,comment,Haha so true,2024-11-06 12:28:37,ig_2_325,23,0,0,true
ig_2_375_c376,ig_vikram_166,comment,Where is this?,2024-11-06 12:32:39,ig_2_375,28,0,0,true
ig_2_302_c303,ig_arjun_19,comment,Bahut badhiya,2024-11-06 12:39:48,ig_2_302,1,0,0,true
ig_2_366,ig_aditi_264,reel,Clouds over the city #Monsoon,2024-11-06 12:51:56,,1470,47,6,true
ig_2_368,ig_arjun_315,photo,Festive sweets haul #Festival,2024-11-06 13:07:48,,3383,53,33,true
ig_2_271,ig_sneha_62,photo,What a catch!! #INDvsAUS #TeamIndia,2024-11-06 13:15:23,,913,55,7,true
ig_2_344,ig_vikram_305,photo,Rainy chai time #Rain,2024-11-06 13:24:28,,168,25,3,true
ig_2_380_c381,ig_neha_50,comment,Wow,2024-11-06 13:26:21,ig_2_380,12,0,0,true
ig_2_288,ig_rahul_130,photo,Monsoon mood #Rain,2024-11-06 13:37:30,,3262,24,29,true
ig_2_353_c354,ig_sneha_57,comment,Bahut badhiya,2024-11-06 13:43:50,ig_2_353,5,0,0,true
ig_2_360_c361,ig_priya_262,comment,Haha so true,2024-11-06 13:44:42,ig_2_360,18,0,0,true
ig_2_277,ig_aditi_240,photo,Street food crawl #Foodie,2024-11-06 13:54:59,,3978,51,7,true
ig_2_329_c332,ig_sneha_294,comment,Same here,2024-11-06 14:12:50,ig_2_329,11,0,0,true
ig_2_366_c367,ig_sneha_79,comment,Wow,2024-11-06 14:14:09,ig_2_366,11,0,0,true
ig_2_271_c272,ig_sneha_241,comment,So pretty!,2024-11-06 14:22:56,ig_2_271,18,0,0,true
ig_2_344_c345,ig_aditi_173,comment,Wow,2024-11-06 14:23:41,ig_2_344,10,0,0,true
ig_2_353_c355,ig_karan_61,comment,So pretty!,2024-11-06 14:42:34,ig_2_353,30,0,0,true
ig_2_289,ig_rahul_32,reel,Best vada pav in town #Foodie,2024-11-06 15:05:55,,2154,57,16,true
ig_2_347,ig_arjun_287,reel,First day first show #Bollywood,2024-11-06 15:13:32,,620,43,22,true
ig_2_289_c291,ig_rahul_108,comment,Where is this?,2024-11-06 15:29:51,ig_2_289,25,0,0,true
ig_2_371,ig_vikram_234,reel,Clouds over the city #Monsoon,2024-11-06 15:46:31,,1219,22,25,true
ig_2_277_c278,ig_vikram_83,comment,Wow,2024-11-06 15:50:30,ig_2_277,24,0,0,true
ig_2_356,ig_karan_43,photo,Best vada pav in town #Foodie,2024-11-06 16:31:16,,3837,9,28,true
ig_2_304,ig_priya_24,reel,Best vada pav in town #Foodie,2024-11-06 16:34:06,,2926,47,30,true
ig_2_344_c346,ig_karan_223,comment,Same here,2024-11-06 16:37:55,ig_2_344,29,0,0,true
ig_2_347_c348,ig_arjun_216,comment,So pretty!,2024-11-06 16:42:16,ig_2_347,16,0,0,true
ig_2_338,ig_neha_99,reel,Yeh six dekha kya? #Cricket,2024-11-06 16:53:40,,2628,36,29,true
ig_2_382,ig_neha_78,photo,Homemade biryani #Foodie,2024-11-06 16:55:34,,2013,25,28,true
ig_2_333,ig_aditi_264,reel,Homemade biryani #Foodie,2024-11-06 16:58:54,,2946,15,20,true
ig_2_310,ig_priya_191,photo,Stadium vibes tonight #Cricket,2024-11-06 17:00:34,,3207,28,6,true
ig_2_277_c279,ig_karan_231,comment,Bahut badhiya,2024-11-06 17:03:43,ig_2_277,18,0,0,true
ig_2_333_c336,ig_neha_275,comment,Amazing,2024-11-06 17:05:49,ig_2_333,30,0,0,true
ig_2_289_c290,ig_priya_244,comment,Haha so true,2024-11-06 17:28:10,ig_2_289,6,0,0,true
ig_2_371_c373,ig_karan_255,comment,Wow,2024-11-06 17:34:11,ig_2_371,5,0,0,true
ig_2_382_c383,ig_rahul_271,comment,Love this,2024-11-06 17:38:12,ig_2_382,10,0,0,true
ig_2_333_c334,ig_karan_295,comment,So pretty!,2024-11-06 18:10:17,ig_2_333,3,0,0,true
ig_2_338_c339,ig_aditi_227,comment,Love this,2024-11-06 18:19:08,ig_2_338,3,0,0,true
ig_2_310_c313,ig_arjun_187,comment,Amazing,2024-11-06 18:21:35,ig_2_310,23,0,0,true
ig_2_310_c311,ig_sneha_11,comment,Love this,2024-11-06 18:50:14,ig_2_310,10,0,0,true
ig_2_371_c372,ig_aditi_164,comment,So pretty!,2024-11-06 18:55:50,ig_2_371,27,0,0,true
ig_2_310_c312,ig_rahul_165,comment,Where is this?,2024-11-06 18:56:13,ig_2_310,20,0,0,true
ig_2_371_c374,ig_arjun_274,comment,Bahut badhiya,2024-11-06 18:59:37,ig_2_371,13,0,0,true
ig_2_333_c335,ig_priya_253,comment,Great shot,2024-11-06 19:03:04,ig_2_333,16,0,0,true
ig_2_382_c384,ig_arjun_187,comment,Love this,2024-11-06 20:14:09,ig_2_382,16,0,0,true
ig_3_425,ig_karan_82,photo,Clouds over the city #Monsoon,2024-11-07 03:35:59,,659,24,2,true
ig_3_516,ig_sneha_294,reel,Stadium vibes tonight #Cricket,2024-11-07 04:06:06,,40,12,17,true
ig_3_415,ig_aditi_138,photo,Homemade biryani #Foodie,2024-11-07 04:22:19,,137,42,36,true
ig_3_425_c427,ig_vikram_254,comment,Haha so true,2024-11-07 04:38:37,ig_3_425,13,0,0,true
ig_3_529,ig_neha_116,photo,Movie night with the gang #Bollywood,2024-11-07 05:15:32,,3857,1,39,true
ig_3_483,ig_priya_174,photo,First day first show #Bollywood,2024-11-07 05:31:12,,2807,0,16,true
ig_3_404,ig_karan_194,reel,Festive sweets haul #Festival,2024-11-07 05:32:55,,1642,35,23,true
ig_3_511,ig_rahul_297,reel,Homemade biryani #Foodie,2024-11-07 05:40:52,,1482,49,27,true
ig_3_415_c416,ig_karan_159,comment,So pretty!,2024-11-07 05:57:07,ig_3_415,2,0,0,true
ig_3_437,ig_karan_159,reel,Match day outfit ready #INDvsAUS,2024-11-07 06:01:16,,2765,30,15,true
ig_3_403,ig_karan_158,reel,Best vada pav in town #Foodie,2024-11-07 06:19:15,,2004,1,15,true
ig_3_487,ig_sneha_98,photo,Diwali lights at home #Diwali #Festival,2024-11-07 06:49:08,,3453,37,28,true
ig_3_525,ig_priya_244,photo,Best vada pav in town #Foodie,2024-11-07 06:52:02,,1286,41,35,true
ig_3_435,ig_priya_279,reel,Best vada pav in town #Foodie,2024-11-07 06:55:04,,986,34,16,true
ig_3_425_c426,ig_arjun_91,comment,Same here,2024-11-07 06:57:47,ig_3_425,18,0,0,true
ig_3_420,ig_arjun_206,photo,Clouds over the city #Monsoon,2024-11-07 07:14:07,,3194,40,40,true
ig_3_420_c421,ig_priya_141,comment,Amazing,2024-11-07 07:23:09,ig_3_420,21,0,0,true
ig_3_451,ig_rahul_95,photo,Rangoli done! #Diwali,2024-11-07 07:26:41,,438,50,19,true
ig_3_529_c530,ig_sneha_62,comment,So pretty!,2024-11-07 07:26:49,ig_3_529,6,0,0,true
ig_3_510,ig_rahul_157,reel,Festive sweets haul #Festival,2024-11-07 07:31:20,,321,58,12,true
ig_3_496,ig_vikram_67,photo,Diwali lights at home #Diwali #Festival,2024-11-07 07:40:07,,885,10,23,true
ig_3_496_c498,ig_arjun_181,comment,Need this,2024-11-07 07:43:33,ig_3_496,18,0,0,true
ig_3_512,ig_neha_89,reel,Clouds over the city #Monsoon,2024-11-07 07:47:19,,2258,1,10,true
ig_3_525_c527,ig_vikram_140,comment,Amazing,2024-11-07 07:54:14,ig_3_525,17,0,0,true
ig_3_428,ig_vikram_0,reel,Best vada pav in town #Foodie,2024-11-07 08:14:08,,1192,57,2,true
ig_3_525_c526,ig_karan_286,comment,Bahut badhiya,2024-11-07 08:20:03,ig_3_525,16,0,0,true
ig_3_435_c436,ig_neha_30,comment,Amazing,2024-11-07 08:22:14,ig_3_435,13,0,0,true
ig_3_484,ig_priya_268,photo,Family time this Diwali #Diwali,2024-11-07 08:35:42,,198,52,38,true
ig_3_496_c499,ig_neha_247,comment,Need this,2024-11-07 08:36:03,ig_3_496,7,0,0,true
ig_3_512_c513,ig_vikram_121,comment,So pretty!,2024-11-07 08:41:17,ig_3_512,12,0,0,true
ig_3_484_c486,ig_aditi_308,comment,Love this,2024-11-07 08:45:50,ig_3_484,29,0,0,true
ig_3_437_c438,ig_priya_3,comment,Haha so true,2024-11-07 08:47:51,ig_3_437,4,0,0,true
ig_3_451_c453,ig_rahul_163,comment,Where is this?,2024-11-07 08:56:23,ig_3_451,17,0,0,true
ig_3_509,ig_arjun_202,photo,Clouds over the city #Monsoon,2024-11-07 09:04:29,,3827,10,37,true
ig_3_525_c528,ig_arjun_243,comment,Love this,2024-11-07 09:30:01,ig_3_525,24,0,0,true
ig_3_496_c497,ig_aditi_169,comment,Same here,2024-11-07 09:33:36,ig_3_496,29,0,0,true
ig_3_458,ig_karan_205,reel,Diwali lights at home #Diwali #Festival,2024-11-07 09:38:52,,3504,28,30,true
ig_3_410,ig_vikram_122,reel,Homemade biryani #Foodie,2024-11-07 09:38:58,,906,46,25,true
ig_3_458_c459,ig_arjun_111,comment,Need this,2024-11-07 09:41:32,ig_3_458,26,0,0,true
ig_3_481,ig_karan_61,photo,Family time this Diwali #Diwali,2024-11-07 09:53:44,,3741,56,5,true
ig_3_464,ig_rahul_277,reel,Family time this Diwali #Diwali,2024-11-07 10:01:57,,1774,34,40,true
ig_3_451_c452,ig_karan_194,comment,Amazing,2024-11-07 10:02:44,ig_3_451,11,0,0,true
ig_3_488,ig_priya_37,photo,Stadium vibes tonight #Cricket,2024-11-07 10:19:14,,635,35,18,true
ig_3_488_c490,ig_karan_137,comment,Great shot,2024-11-07 10:24:31,ig_3_488,10,0,0,true
ig_3_410_c412,ig_aditi_258,comment,Where is this?,2024-11-07 10:35:04,ig_3_410,14,0,0,true
ig_3_484_c485,ig_karan_51,comment,Need this,2024-11-07 10:48:20,ig_3_484,25,0,0,true
ig_3_410_c411,ig_rahul_297,comment,Where is this?,2024-11-07 10:51:43,ig_3_410,15,0,0,true
ig_3_405,ig_vikram_197,reel,First day first show #Bollywood,2024-11-07 11:00:22,,288,7,27,true
ig_3_472,ig_sneha_57,reel,Festive sweets haul #Festival,2024-11-07 11:13:18,,2681,6,12,true
ig_3_512_c514,ig_priya_229,comment,Where is this?,2024-11-07 11:21:49,ig_3_512,9,0,0,true
ig_3_405_c407,ig_rahul_145,comment,Need this,2024-11-07 11:58:49,ig_3_405,1,0,0,true
ig_3_410_c413,ig_vikram_67,comment,Bahut badhiya,2024-11-07 12:02:48,ig_3_410,14,0,0,true
ig_3_522,ig_karan_168,reel,Monsoon mood #Rain,2024-11-07 12:12:34,,659,13,9,true
ig_3_488_c491,ig_karan_77,comment,Great shot,2024-11-07 12:20:39,ig_3_488,27,0,0,true
ig_3_477,ig_aditi_263,reel,Match day outfit ready #INDvsAUS,2024-11-07 12:23:56,,2249,10,12,true
ig_3_464_c465,ig_karan_205,comment,Same here,2024-11-07 12:31:28,ig_3_464,25,0,0,true
ig_3_405_c406,ig_arjun_283,comment,Where is this?,2024-11-07 12:34:34,ig_3_405,14,0,0,true
ig_3_449,ig_aditi_314,photo,Kohli fans assemble #TeamIndia,2024-11-07 12:40:03,,2694,15,5,true
ig_3_515,ig_aditi_100,reel,Street food crawl #Foodie,2024-11-07 12:43:17,,3965,8,38,true
ig_3_408,ig_priya_174,photo,Movie night with the gang #Bollywood,2024-11-07 12:57:50,,2911,8,5,true
ig_3_429,ig_arjun_19,photo,Rangoli done! #Diwali,2024-11-07 13:12:57,,3203,58,22,true
ig_3_469,ig_priya_75,photo,Clouds over the city #Monsoon,2024-11-07 13:22:13,,2292,37,26,true
ig_3_477_c479,ig_rahul_29,comment,Wow,2024-11-07 13:22:19,ig_3_477,11,0,0,true
ig_3_430,ig_rahul_201,photo,Rainy chai time #Rain,2024-11-07 13:25:12,,3414,14,17,true
ig_3_472_c473,ig_neha_250,comment,Where is this?,2024-11-07 13:27:09,ig_3_472,7,0,0,true
ig_3_439,ig_karan_68,photo,Movie night with the gang #Bollywood,2024-11-07 13:28:14,,2426,36,15,true
ig_3_507,ig_rahul_165,photo,Match day outfit ready #INDvsAUS,2024-11-07 13:33:48,,2083,23,15,true
ig_3_481_c482,ig_neha_288,comment,Love this,2024-11-07 13:34:06,ig_3_481,27,0,0,true
ig_3_488_c489,ig_karan_73,comment,Same here,2024-11-07 13:49:35,ig_3_488,17,0,0,true
ig_3_466,ig_aditi_169,photo,Kohli fans assemble #TeamIndia,2024-11-07 13:50:29,,2334,36,26,true
ig_3_477_c478,ig_aditi_47,comment,Amazing,2024-11-07 13:54:47,ig_3_477,19,0,0,true
ig_3_472_c474,ig_rahul_277,comment,Same here,2024-11-07 14:01:07,ig_3_472,23,0,0,true
ig_3_507_c508,ig_vikram_178,comment,Amazing,2024-11-07 14:08:04,ig_3_507,0,0,0,true
ig_3_469_c471,ig_priya_133,comment,Love this,2024-11-07 14:18:18,ig_3_469,30,0,0,true
ig_3_417,ig_priya_118,reel,Diwali lights at home #Diwali #Festival,2024-11-07 14:38:31,,298,35,23,true
ig_3_504,ig_vikram_121,photo,Movie night with the gang #Bollywood,2024-11-07 14:52:42,,2810,4,19,true
ig_3_492,ig_rahul_18,reel,Yeh six dekha kya? #Cricket,2024-11-07 15:00:24,,3371,41,38,true
ig_3_466_c467,ig_arjun_246,comment,Amazing,2024-11-07 15:03:43,ig_3_466,10,0,0,true
ig_3_417_c419,ig_aditi_115,comment,Bahut badhiya,2024-11-07 15:10:32,ig_3_417,22,0,0,true
ig_3_439_c440,ig_aditi_60,comment,Haha so true,2024-11-07 15:11:18,ig_3_439,30,0,0,true
ig_3_523,ig_arjun_216,reel,First day first show #Bollywood,2024-11-07 15:12:36,,2430,55,35,true
ig_3_477_c480,ig_sneha_21,comment,So pretty!,2024-11-07 15:12:59,ig_3_477,30,0,0,true
ig_3_442,ig_aditi_58,photo,Monsoon mood #Rain,2024-11-07 15:28:03,,1496,31,13,true
ig_3_454,ig_sneha_129,reel,Movie night with the gang #Bollywood,2024-11-07 15:34:02,,459,36,40,true
ig_3_469_c470,ig_rahul_271,comment,Where is this?,2024-11-07 15:38:38,ig_3_469,12,0,0,true
ig_3_449_c450,ig_arjun_14,comment,So pretty!,2024-11-07 15:46:22,ig_3_449,26,0,0,true
ig_3_460,ig_aditi_261,photo,Homemade biryani #Foodie,2024-11-07 15:49:47,,314,42,3,true
ig_3_439_c441,ig_karan_86,comment,Amazing,2024-11-07 15:52:43,ig_3_439,14,0,0,true
ig_3_500,ig_rahul_311,reel,Monsoon mood #Rain,2024-11-07 16:08:39,,2997,42,9,true
ig_3_408_c409,ig_aditi_138,comment,Haha so true,2024-11-07 16:18:34,ig_3_408,4,0,0,true
ig_3_500_c501,ig_arjun_196,comment,Bahut badhiya,2024-11-07 16:25:45,ig_3_500,8,0,0,true
ig_3_443,ig_karan_155,reel,Kohli fans assemble #TeamIndia,2024-11-07 16:26:13,,1855,7,10,true
ig_3_422,ig_sneha_12,photo,First day first show #Bollywood,2024-11-07 16:27:14,,1914,15,25,true
ig_3_492_c495,ig_aditi_264,comment,Love this,2024-11-07 16:28:18,ig_3_492,16,0,0,true
ig_3_523_c524,ig_aditi_308,comment,Same here,2024-11-07 16:33:21,ig_3_523,23,0,0,true
ig_3_475,ig_karan_290,reel,Homemade biryani #Foodie,2024-11-07 16:38:19,,2803,4,28,true
ig_3_443_c445,ig_karan_86,comment,Haha so true,2024-11-07 16:45:19,ig_3_443,0,0,0,true
ig_3_517,ig_rahul_108,reel,First day first show #Bollywood,2024-11-07 16:50:35,,130,41,31,true
ig_3_521,ig_vikram_6,reel,That climax though #NewRelease,2024-11-07 17:06:12,,2330,41,20,true
ig_3_431,ig_karan_217,photo,That climax though #NewRelease,2024-11-07 17:11:43,,2852,32,40,true
ig_3_517_c519,ig_vikram_212,comment,So pretty!,2024-11-07 17:13:21,ig_3_517,19,0,0,true
ig_3_466_c468,ig_rahul_271,comment,So pretty!,2024-11-07 17:14:20,ig_3_466,7,0,0,true
ig_rumour_13,ig_vikram_305,photo,Screenshot from Telegram: dam crack?! Anyone confirm? #FloodAlert,2024-11-07 17:19:01,,484,12,79,true
ig_3_460_c462,ig_aditi_90,comment,Amazing,2024-11-07 17:21:57,ig_3_460,0,0,0,true
ig_rumour_6,ig_karan_82,photo,Screenshot from Telegram: dam crack?! Anyone confirm? #FloodAlert,2024-11-07 17:24:08,,359,9,171,true
ig_3_417_c418,ig_sneha_98,comment,Love this,2024-11-07 17:31:34,ig_3_417,2,0,0,true
ig_rumour_13_c1018,ig_arjun_187,comment,Officials said it's fake,2024-11-07 17:31:54,ig_rumour_13,0,0,0,true
ig_3_454_c455,ig_aditi_25,comment,Where is this?,2024-11-07 17:33:42,ig_3_454,15,0,0,true
ig_rumour_6_c982,ig_aditi_227,comment,Please verify before sharing,2024-11-07 17:33:53,ig_rumour_6,0,0,0,true
ig_3_517_c518,ig_sneha_312,comment,Need this,2024-11-07 17:34:07,ig_3_517,27,0,0,true
ig_rumour_2,ig_priya_192,photo,"Saw this on my feed, praying for Varunapur #VarunapurDam",2024-11-07 17:35:02,,166,32,123,true
ig_3_460_c461,ig_aditi_173,comment,Love this,2024-11-07 17:36:12,ig_3_460,21,0,0,true
ig_3_422_c423,ig_neha_50,comment,Amazing,2024-11-07 17:38:37,ig_3_422,8,0,0,true
ig_rumour_2_c962,ig_arjun_188,comment,"Scary, my relatives live there",2024-11-07 17:39:12,ig_rumour_2,0,0,0,true
ig_rumour_9,ig_arjun_14,photo,"Saw this on my feed, praying for Varunapur #VarunapurDam",2024-11-07 17:41:43,,259,34,41,true
ig_rumour_2_c963,ig_vikram_153,comment,Please verify before sharing,2024-11-07 17:41:49,ig_rumour_2,0,0,0,true
ig_rumour_10,ig_sneha_150,photo,Screenshot from Telegram: dam crack?! Anyone confirm? #FloodAlert,2024-11-07 17:43:33,,300,9,117,true
ig_3_504_c506,ig_aditi_179,comment,Haha so true,2024-11-07 17:45:02,ig_3_504,10,0,0,true
ig_rumour_3,ig_karan_260,photo,Screenshot from Telegram: dam crack?! Anyone confirm? #FloodAlert,2024-11-07 17:45:51,,589,32,156,true
ig_3_492_c493,ig_arjun_243,comment,Amazing,2024-11-07 17:47:19,ig_3_492,14,0,0,true
ig_rumour_10_c1000,ig_aditi_107,comment,Officials said it's fake,2024-11-07 17:50:52,ig_rumour_10,0,0,0,true
ig_3_414,ig_arjun_273,reel,Best vada pav in town #Foodie,2024-11-07 17:50:58,,2109,13,8,true
ig_rumour_3_c968,ig_arjun_242,comment,"Scary, my relatives live there",2024-11-07 17:50:58,ig_rumour_3,0,0,0,true
ig_rumour_13_c1014,ig_priya_75,comment,Is this confirmed?,2024-11-07 17:52:26,ig_rumour_13,0,0,0,true
ig_3_446,ig_arjun_248,reel,Rainy chai time #Rain,2024-11-07 17:52:54,,1378,47,36,true
ig_3_503,ig_priya_17,photo,Diwali lights at home #Diwali #Festival,2024-11-07 17:52:57,,3593,12,27,true
ig_rumour_13_c1017,ig_vikram_197,comment,Please verify before sharing,2024-11-07 17:53:07,ig_rumour_13,0,0,0,true
ig_rumour_5,ig_rahul_311,photo,Is this real?? Varunapur dam crack news everywhere #VarunapurDam,2024-11-07 17:58:39,,189,12,175,true
ig_3_454_c456,ig_vikram_80,comment,Bahut badhiya,2024-11-07 17:59:27,ig_3_454,20,0,0,true
ig_rumour_9_c998,ig_neha_89,comment,Dar lag raha hai yaar,2024-11-07 17:59:29,ig_rumour_9,0,0,0,true
ig_rumour_1,ig_karan_286,photo,"Saw this on my feed, praying for Varunapur #VarunapurDam",2024-11-07 18:02:44,,870,26,50,true
ig_rumour_13_c1016,ig_aditi_218,comment,Officials said it's fake,2024-11-07 18:07:19,ig_rumour_13,0,0,0,true
ig_rumour_13_c1019,ig_karan_189,comment,Dar lag raha hai yaar,2024-11-07 18:08:24,ig_rumour_13,0,0,0,true
ig_rumour_3_c969,ig_rahul_74,comment,Praying for everyone,2024-11-07 18:13:07,ig_rumour_3,0,0,0,true
ig_rumour_9_c995,ig_karan_233,comment,Praying for everyone,2024-11-07 18:15:36,ig_rumour_9,0,0,0,true
ig_rumour_2_c961,ig_vikram_41,comment,Praying for everyone,2024-11-07 18:15:59,ig_rumour_2,0,0,0,true
ig_3_504_c505,ig_arjun_185,comment,Haha so true,2024-11-07 18:17:46,ig_3_504,7,0,0,true
ig_3_454_c457,ig_vikram_41,comment,Amazing,2024-11-07 18:19:46,ig_3_454,5,0,0,true
ig_rumour_5_c979,ig_karan_114,comment,Dar lag raha hai yaar,2024-11-07 18:22:45,ig_rumour_5,0,0,0,true
ig_rumour_6_c984,ig_arjun_196,comment,Please verify before sharing,2024-11-07 18:23:13,ig_rumour_6,0,0,0,true
ig_rumour_6_c983,ig_aditi_240,comment,Dar lag raha hai yaar,2024-11-07 18:25:50,ig_rumour_6,0,0,0,true
ig_3_500_c502,ig_vikram_182,comment,Same here,2024-11-07 18:27:09,ig_3_500,18,0,0,true
ig_rumour_5_c977,ig_sneha_256,comment,Dar lag raha hai yaar,2024-11-07 18:29:35,ig_rumour_5,0,0,0,true
ig_3_492_c494,ig_rahul_201,comment,Where is this?,2024-11-07 18:30:11,ig_3_492,19,0,0,true
ig_3_460_c463,ig_aditi_226,comment,Same here,2024-11-07 18:32:30,ig_3_460,18,0,0,true
ig_rumour_12,ig_rahul_4,photo,Screenshot from Telegram: dam crack?! Anyone confirm? #FloodAlert,2024-11-07 18:40:16,,475,27,191,true
ig_rumour_1_c957,ig_karan_42,comment,Officials said it's fake,2024-11-07 18:40:37,ig_rumour_1,0,0,0,true
ig_3_475_c476,ig_aditi_257,comment,Haha so true,2024-11-07 18:41:02,ig_3_475,26,0,0,true
ig_rumour_6_c981,ig_priya_272,comment,Officials said it's fake,2024-11-07 18:41:13,ig_rumour_6,0,0,0,true
ig_rumour_5_c978,ig_vikram_83,comment,Please verify before sharing,2024-11-07 18:41:49,ig_rumour_5,0,0,0,true
ig_rumour_1_c956,ig_arjun_23,comment,Please verify before sharing,2024-11-07 18:41:50,ig_rumour_1,0,0,0,true
ig_rumour_12_c1007,ig_priya_272,comment,Please verify before sharing,2024-11-07 18:42:26,ig_rumour_12,0,0,0,true
ig_rumour_8,ig_vikram_83,photo,"Saw this on my feed, praying for Varunapur #VarunapurDam",2024-11-07 18:43:24,,147,28,107,true
ig_rumour_10_c1001,ig_aditi_263,comment,Officials said it's fake,2024-11-07 18:43:31,ig_rumour_10,0,0,0,true
ig_3_443_c444,ig_aditi_227,comment,Great shot,2024-11-07 18:43:41,ig_3_443,9,0,0,true
ig_rumour_4,ig_priya_276,photo,Screenshot from Telegram: dam crack?! Anyone confirm? #FloodAlert,2024-11-07 18:45:17,,808,13,100,true
ig_rumour_2_c964,ig_sneha_132,comment,Dar lag raha hai yaar,2024-11-07 18:45:38,ig_rumour_2,0,0,0,true
ig_rumour_13_c1015,ig_sneha_11,comment,"Scary, my relatives live there",2024-11-07 18:48:29,ig_rumour_13,0,0,0,true
ig_rumour_1_c958,ig_sneha_150,comment,Officials said it's fake,2024-11-07 18:48:55,ig_rumour_1,0,0,0,true
ig_rumour_6_c985,ig_arjun_246,comment,Officials said it's fake,2024-11-07 18:50:45,ig_rumour_6,0,0,0,true
ig_rumour_4_c975,ig_aditi_240,comment,Praying for everyone,2024-11-07 18:53:27,ig_rumour_4,0,0,0,true
ig_rumour_1_c959,ig_sneha_2,comment,"Scary, my relatives live there",2024-11-07 18:56:09,ig_rumour_1,0,0,0,true
ig_rumour_12_c1009,ig_karan_114,comment,"Scary, my relatives live there",2024-11-07 19:00:00,ig_rumour_12,0,0,0,true
ig_rumour_0,ig_sneha_2,photo,"Saw this on my feed, praying for Varunapur #VarunapurDam",2024-11-07 19:00:15,,474,17,155,true
ig_rumour_3_c966,ig_karan_233,comment,Praying for everyone,2024-11-07 19:03:42,ig_rumour_3,0,0,0,true
ig_rumour_9_c996,ig_arjun_185,comment,Is this confirmed?,2024-11-07 19:07:13,ig_rumour_9,0,0,0,true
ig_rumour_11,ig_vikram_121,photo,Screenshot from Telegram: dam crack?! Anyone confirm? #FloodAlert,2024-11-07 19:07:58,,163,23,35,true
ig_rumour_9_c997,ig_sneha_101,comment,Officials said it's fake,2024-11-07 19:08:00,ig_rumour_9,0,0,0,true
ig_rumour_3_c967,ig_karan_205,comment,Praying for everyone,2024-11-07 19:11:24,ig_rumour_3,0,0,0,true
ig_3_446_c448,ig_karan_97,comment,Haha so true,2024-11-07 19:11:30,ig_3_446,11,0,0,true
ig_rumour_0_c949,ig_vikram_296,comment,Officials said it's fake,2024-11-07 19:15:36,ig_rumour_0,0,0,0,true
ig_3_422_c424,ig_rahul_311,comment,Where is this?,2024-11-07 19:18:50,ig_3_422,1,0,0,true
ig_rumour_0_c950,ig_priya_192,comment,Please verify before sharing,2024-11-07 19:25:11,ig_rumour_0,0,0,0,true
ig_rumour_1_c955,ig_karan_42,comment,Is this confirmed?,2024-11-07 19:26:31,ig_rumour_1,0,0,0,true
ig_rumour_4_c974,ig_priya_17,comment,Please verify before sharing,2024-11-07 19:27:38,ig_rumour_4,0,0,0,true
ig_rumour_1_c954,ig_priya_279,comment,Is this confirmed?,2024-11-07 19:28:28,ig_rumour_1,0,0,0,true
ig_rumour_4_c972,ig_priya_17,comment,Is this confirmed?,2024-11-07 19:28:49,ig_rumour_4,0,0,0,true
ig_rumour_12_c1010,ig_sneha_62,comment,Dar lag raha hai yaar,2024-11-07 19:33:22,ig_rumour_12,0,0,0,true
ig_rumour_7,ig_karan_82,photo,Screenshot from Telegram: dam crack?! Anyone confirm? #FloodAlert,2024-11-07 19:33:29,,750,12,151,true
ig_rumour_8_c993,ig_aditi_169,comment,Is this confirmed?,2024-11-07 19:35:49,ig_rumour_8,0,0,0,true
ig_rumour_8_c992,ig_rahul_71,comment,Is this confirmed?,2024-11-07 19:36:13,ig_rumour_8,0,0,0,true
ig_rumour_11_c1005,ig_vikram_44,comment,Dar lag raha hai yaar,2024-11-07 19:36:50,ig_rumour_11,0,0,0,true
ig_rumour_12_c1011,ig_aditi_263,comment,Dar lag raha hai yaar,2024-11-07 19:41:19,ig_rumour_12,0,0,0,true
ig_3_431_c432,ig_karan_260,comment,So pretty!,2024-11-07 19:54:45,ig_3_431,6,0,0,true
ig_rumour_4_c971,ig_sneha_127,comment,Dar lag raha hai yaar,2024-11-07 19:58:49,ig_rumour_4,0,0,0,true
ig_rumour_12_c1008,ig_sneha_103,comment,Please verify before sharing,2024-11-07 20:01:55,ig_rumour_12,0,0,0,true
ig_rumour_4_c973,ig_vikram_44,comment,"Scary, my relatives live there",2024-11-07 20:02:03,ig_rumour_4,0,0,0,true
ig_rumour_0_c952,ig_sneha_2,comment,Officials said it's fake,2024-11-07 20:02:29,ig_rumour_0,0,0,0,true
ig_rumour_7_c989,ig_karan_137,comment,Officials said it's fake,2024-11-07 20:07:12,ig_rumour_7,0,0,0,true
ig_rumour_11_c1003,ig_rahul_297,comment,Praying for everyone,2024-11-07 20:08:23,ig_rumour_11,0,0,0,true
ig_rumour_12_c1012,ig_arjun_196,comment,Is this confirmed?,2024-11-07 20:09:37,ig_rumour_12,0,0,0,true
ig_rumour_0_c951,ig_rahul_108,comment,Praying for everyone,2024-11-07 20:11:24,ig_rumour_0,0,0,0,true
ig_3_431_c434,ig_vikram_65,comment,Great shot,2024-11-07 20:15:03,ig_3_431,1,0,0,true
ig_rumour_7_c988,ig_aditi_240,comment,Is this confirmed?,2024-11-07 20:18:22,ig_rumour_7,0,0,0,true
ig_rumour_0_c948,ig_karan_209,comment,Dar lag raha hai yaar,2024-11-07 20:26:41,ig_rumour_0,0,0,0,true
ig_3_431_c433,ig_sneha_219,comment,Haha so true,2024-11-07 20:35:12,ig_3_431,24,0,0,true
ig_rumour_11_c1004,ig_arjun_136,comment,"Scary, my relatives live there",2024-11-07 20:35:44,ig_rumour_11,0,0,0,true
ig_rumour_7_c990,ig_arjun_283,comment,Is this confirmed?,2024-11-07 20:42:17,ig_rumour_7,0,0,0,true
ig_3_517_c520,ig_arjun_171,comment,Great shot,2024-11-07 20:47:42,ig_3_517,12,0,0,true
ig_rumour_7_c987,ig_vikram_207,comment,Please verify before sharing,2024-11-07 20:55:54,ig_rumour_7,0,0,0,true
ig_3_446_c447,ig_rahul_55,comment,Great shot,2024-11-07 21:42:37,ig_3_446,15,0,0,true
ig_4_658,ig_neha_250,photo,Movie night with the gang #Bollywood,2024-11-08 03:04:02,,3617,51,30,true
ig_4_604,ig_vikram_34,photo,First day first show #Bollywood,2024-11-08 03:07:39,,3392,20,2,true
ig_4_658_c660,ig_arjun_171,comment,Haha so true,2024-11-08 03:56:53,ig_4_658,11,0,0,true
ig_4_658_c659,ig_priya_210,comment,Same here,2024-11-08 04:17:19,ig_4_658,4,0,0,true
ig_4_604_c605,ig_arjun_112,comment,Great shot,2024-11-08 04:19:02,ig_4_604,22,0,0,true
ig_4_662,ig_aditi_138,reel,That climax though #NewRelease,2024-11-08 04:19:10,,1688,42,34,true
ig_4_611,ig_arjun_46,photo,Clouds over the city #Monsoon,2024-11-08 04:25:42,,936,42,16,true
ig_4_640,ig_aditi_291,photo,Street food crawl #Foodie,2024-11-08 04:38:39,,2739,37,13,true
ig_4_629,ig_karan_82,photo,Homemade biryani #Foodie,2024-11-08 04:41:39,,167,2,2,true
ig_4_611_c613,ig_karan_68,comment,So pretty!,2024-11-08 05:05:49,ig_4_611,14,0,0,true
ig_4_645,ig_aditi_261,photo,Rangoli done! #Diwali,2024-11-08 05:13:15,,3287,22,8,true
ig_4_617,ig_arjun_149,reel,Rainy chai time #Rain,2024-11-08 05:20:23,,2863,5,12,true
ig_4_617_c619,ig_karan_205,comment,Love this,2024-11-08 05:31:37,ig_4_617,11,0,0,true
ig_4_658_c661,ig_rahul_201,comment,Great shot,2024-11-08 05:33:26,ig_4_658,9,0,0,true
ig_4_604_c606,ig_aditi_107,comment,Same here,2024-11-08 05:35:00,ig_4_604,12,0,0,true
ig_4_545,ig_rahul_71,photo,Clouds over the city #Monsoon,2024-11-08 05:44:04,,2826,1,7,true
ig_4_625,ig_karan_77,photo,Movie night with the gang #Bollywood,2024-11-08 05:54:56,,724,21,22,true
ig_4_607,ig_vikram_104,reel,Clouds over the city #Monsoon,2024-11-08 06:03:28,,3534,40,7,true
ig_4_662_c663,ig_karan_61,comment,Where is this?,2024-11-08 07:03:43,ig_4_662,1,0,0,true
ig_4_617_c618,ig_neha_76,comment,Amazing,2024-11-08 07:04:41,ig_4_617,21,0,0,true
ig_4_581,ig_rahul_165,reel,Homemade biryani #Foodie,2024-11-08 07:07:08,,3436,28,5,true
ig_4_576,ig_rahul_148,photo,What a catch!! #INDvsAUS #TeamIndia,2024-11-08 07:07:30,,1860,40,30,true
ig_4_576_c577,ig_aditi_264,comment,Amazing,2024-11-08 07:10:55,ig_4_576,4,0,0,true
ig_4_636,ig_neha_284,reel,Rangoli done! #Diwali,2024-11-08 07:15:08,,3740,15,34,true
ig_4_625_c626,ig_arjun_246,comment,Where is this?,2024-11-08 07:15:22,ig_4_625,11,0,0,true
ig_4_581_c582,ig_neha_45,comment,Where is this?,2024-11-08 07:39:40,ig_4_581,30,0,0,true
ig_4_636_c637,ig_arjun_48,comment,So pretty!,2024-11-08 07:42:18,ig_4_636,1,0,0,true
ig_4_640_c641,ig_priya_124,comment,Same here,2024-11-08 07:45:05,ig_4_640,16,0,0,true
ig_4_625_c628,ig_rahul_35,comment,Haha so true,2024-11-08 07:45:13,ig_4_625,23,0,0,true
ig_4_611_c612,ig_karan_217,comment,Amazing,2024-11-08 07:54:20,ig_4_611,29,0,0,true
ig_4_611_c614,ig_sneha_150,comment,Where is this?,2024-11-08 07:55:53,ig_4_611,25,0,0,true
ig_4_645_c646,ig_sneha_101,comment,Where is this?,2024-11-08 07:58:32,ig_4_645,22,0,0,true
ig_4_587,ig_vikram_104,reel,Street food crawl #Foodie,2024-11-08 08:35:07,,347,48,28,true
ig_4_581_c584,ig_priya_22,comment,Great shot,2024-11-08 08:38:33,ig_4_581,1,0,0,true
ig_4_559,ig_karan_77,reel,Clouds over the city #Monsoon,2024-11-08 08:44:40,,3631,26,9,true
ig_4_625_c627,ig_arjun_91,comment,Love this,2024-11-08 09:04:24,ig_4_625,9,0,0,true
ig_4_537,ig_priya_192,photo,Rainy chai time #Rain,2024-11-08 09:08:56,,3543,14,1,true
ig_4_617_c620,ig_sneha_62,comment,Where is this?,2024-11-08 09:19:27,ig_4_617,30,0,0,true
ig_4_545_c546,ig_rahul_4,comment,Amazing,2024-11-08 09:23:01,ig_4_545,4,0,0,true
ig_4_533,ig_karan_255,reel,Festive sweets haul #Festival,2024-11-08 09:37:24,,3710,51,24,true
ig_4_533_c536,ig_karan_205,comment,Need this,2024-11-08 09:53:40,ig_4_533,18,0,0,true
ig_4_533_c535,ig_rahul_55,comment,So pretty!,2024-11-08 09:54:58,ig_4_533,20,0,0,true
ig_4_537_c539,ig_priya_118,comment,Need this,2024-11-08 09:59:17,ig_4_537,24,0,0,true
ig_4_581_c583,ig_rahul_148,comment,Same here,2024-11-08 10:15:01,ig_4_581,29,0,0,true
ig_4_587_c588,ig_rahul_201,comment,Haha so true,2024-11-08 10:15:49,ig_4_587,29,0,0,true
ig_4_587_c590,ig_aditi_236,comment,Wow,2024-11-08 10:15:51,ig_4_587,15,0,0,true
ig_4_622,ig_karan_155,photo,Diwali lights at home #Diwali #Festival,2024-11-08 10:16:16,,844,8,30,true
ig_4_578,ig_vikram_121,photo,First day first show #Bollywood,2024-11-08 10:19:53,,1413,51,24,true
ig_4_594,ig_aditi_110,photo,What a catch!! #INDvsAUS #TeamIndia,2024-11-08 10:27:14,,3395,43,12,true
ig_4_564,ig_rahul_303,photo,Clouds over the city #Monsoon,2024-11-08 10:39:06,,980,52,40,true
ig_4_622_c624,ig_rahul_297,comment,Same here,2024-11-08 10:42:13,ig_4_622,0,0,0,true
ig_4_621,ig_rahul_148,photo,Street food crawl #Foodie,2024-11-08 10:53:42,,3093,50,31,true
ig_4_587_c589,ig_rahul_13,comment,Love this,2024-11-08 10:58:12,ig_4_587,14,0,0,true
ig_4_594_c596,ig_rahul_213,comment,Same here,2024-11-08 11:02:37,ig_4_594,13,0,0,true
ig_4_578_c579,ig_priya_9,comment,Haha so true,2024-11-08 11:09:42,ig_4_578,18,0,0,true
ig_4_593,ig_karan_198,photo,Movie night with the gang #Bollywood,2024-11-08 11:18:27,,388,14,4,true
ig_4_654,ig_aditi_252,photo,Rainy chai time #Rain,2024-11-08 11:25:26,,3663,45,3,true
ig_4_551,ig_karan_53,photo,Diwali lights at home #Diwali #Festival,2024-11-08 11:37:21,,3681,20,4,true
ig_4_644,ig_sneha_93,reel,Clouds over the city #Monsoon,2024-11-08 11:52:40,,3241,26,2,true
ig_4_537_c538,ig_rahul_10,comment,Bahut badhiya,2024-11-08 11:59:44,ig_4_537,7,0,0,true
ig_4_560,ig_rahul_130,photo,Family time this Diwali #Diwali,2024-11-08 12:07:02,,1006,52,12,true
ig_4_564_c565,ig_arjun_181,comment,Love this,2024-11-08 12:14:46,ig_4_564,16,0,0,true
ig_4_540,ig_neha_152,photo,Clouds over the city #Monsoon,2024-11-08 12:38:26,,907,36,10,true
ig_4_594_c595,ig_neha_247,comment,So pretty!,2024-11-08 12:40:14,ig_4_594,23,0,0,true
ig_4_540_c542,ig_neha_45,comment,Need this,2024-11-08 12:41:22,ig_4_540,27,0,0,true
ig_4_630,ig_vikram_67,photo,Clouds over the city #Monsoon,2024-11-08 12:42:07,,332,23,10,true
ig_4_578_c580,ig_sneha_132,comment,So pretty!,2024-11-08 12:42:27,ig_4_578,9,0,0,true
ig_4_533_c534,ig_rahul_108,comment,Need this,2024-11-08 12:47:22,ig_4_533,0,0,0,true
ig_4_564_c567,ig_aditi_164,comment,Love this,2024-11-08 13:10:47,ig_4_564,17,0,0,true
ig_4_600,ig_rahul_157,reel,Clouds over the city #Monsoon,2024-11-08 13:12:57,,3304,27,34,true
ig_4_564_c566,ig_arjun_136,comment,Same here,2024-11-08 13:18:06,ig_4_564,26,0,0,true
ig_4_630_c632,ig_neha_245,comment,Bahut badhiya,2024-11-08 13:19:36,ig_4_630,3,0,0,true
ig_4_555,ig_priya_7,reel,Movie night with the gang #Bollywood,2024-11-08 13:33:13,,3978,2,12,true
ig_4_615,ig_neha_78,reel,That climax though #NewRelease,2024-11-08 13:36:14,,1348,35,13,true
ig_4_603,ig_neha_72,reel,Clouds over the city #Monsoon,2024-11-08 13:38:53,,840,29,35,true
ig_4_600_c601,ig_rahul_156,comment,Where is this?,2024-11-08 13:46:18,ig_4_600,6,0,0,true
ig_4_540_c543,ig_sneha_127,comment,Amazing,2024-11-08 13:56:32,ig_4_540,19,0,0,true
ig_4_622_c623,ig_neha_116,comment,Same here,2024-11-08 13:58:19,ig_4_622,1,0,0,true
ig_4_547,ig_rahul_49,photo,Homemade biryani #Foodie,2024-11-08 14:02:24,,2816,25,5,true
ig_4_654_c656,ig_vikram_44,comment,Where is this?,2024-11-08 14:02:44,ig_4_654,26,0,0,true
ig_4_630_c631,ig_karan_86,comment,Love this,2024-11-08 14:03:03,ig_4_630,26,0,0,true
ig_4_547_c550,ig_priya_7,comment,So pretty!,2024-11-08 14:36:30,ig_4_547,19,0,0,true
ig_4_531,ig_sneha_132,photo,Homemade biryani #Foodie,2024-11-08 14:39:38,,3041,9,11,true
ig_4_654_c655,ig_arjun_202,comment,Need this,2024-11-08 14:43:58,ig_4_654,12,0,0,true
ig_4_556,ig_arjun_185,reel,Clouds over the city #Monsoon,2024-11-08 14:50:34,,2838,2,29,true
ig_4_638,ig_sneha_292,reel,Rainy chai time #Rain,2024-11-08 14:52:30,,959,5,10,true
ig_4_547_c549,ig_sneha_16,comment,Same here,2024-11-08 15:00:15,ig_4_547,25,0,0,true
ig_4_610,ig_arjun_273,photo,Movie night with the gang #Bollywood,2024-11-08 15:01:44,,3204,58,13,true
ig_4_654_c657,ig_aditi_173,comment,Same here,2024-11-08 15:02:37,ig_4_654,13,0,0,true
ig_4_642,ig_priya_37,photo,What a catch!! #INDvsAUS #TeamIndia,2024-11-08 15:19:13,,188,13,39,true
ig_4_572,ig_aditi_235,reel,Diwali lights at home #Diwali #Festival,2024-11-08 15:19:41,,1338,24,23,true
ig_4_664,ig_karan_94,reel,Clouds over the city #Monsoon,2024-11-08 15:20:38,,3942,9,23,true
ig_4_554,ig_karan_39,reel,Movie night with the gang #Bollywood,2024-11-08 15:35:36,,3514,56,14,true
ig_4_561,ig_priya_17,photo,What a catch!! #INDvsAUS #TeamIndia,2024-11-08 15:38:45,,1682,44,35,true
ig_4_642_c643,ig_karan_155,comment,Need this,2024-11-08 15:41:13,ig_4_642,24,0,0,true
ig_4_540_c541,ig_arjun_136,comment,Amazing,2024-11-08 15:56:16,ig_4_540,9,0,0,true
ig_4_608,ig_rahul_36,photo,Family time this Diwali #Diwali,2024-11-08 15:56:22,,757,0,35,true
ig_4_572_c573,ig_sneha_62,comment,Wow,2024-11-08 15:58:18,ig_4_572,8,0,0,true
ig_4_648,ig_aditi_25,photo,Family time this Diwali #Diwali,2024-11-08 15:59:58,,398,41,22,true
ig_4_597,ig_rahul_74,reel,Stadium vibes tonight #Cricket,2024-11-08 16:04:44,,2142,0,11,true
ig_4_531_c532,ig_karan_270,comment,So pretty!,2024-11-08 16:05:07,ig_4_531,22,0,0,true
ig_4_633,ig_vikram_59,reel,Kohli fans assemble #TeamIndia,2024-11-08 16:11:09,,2215,34,7,true
ig_4_591,ig_rahul_225,reel,Rangoli done! #Diwali,2024-11-08 16:21:19,,2116,48,0,true
ig_4_597_c598,ig_karan_266,comment,Bahut badhiya,2024-11-08 16:27:21,ig_4_597,12,0,0,true
ig_4_556_c558,ig_karan_137,comment,Wow,2024-11-08 16:32:59,ig_4_556,17,0,0,true
ig_4_572_c575,ig_rahul_267,comment,Haha so true,2024-11-08 16:33:40,ig_4_572,21,0,0,true
ig_4_648_c649,ig_aditi_252,comment,Great shot,2024-11-08 16:34:05,ig_4_648,26,0,0,true
ig_4_650,ig_priya_238,photo,First day first show #Bollywood,2024-11-08 16:34:18,,2438,10,27,true
ig_4_638_c639,ig_rahul_135,comment,So pretty!,2024-11-08 16:35:25,ig_4_638,19,0,0,true
ig_4_572_c574,ig_priya_192,comment,Love this,2024-11-08 16:48:30,ig_4_572,21,0,0,true
ig_4_568,ig_rahul_135,reel,Family time this Diwali #Diwali,2024-11-08 16:51:33,,3533,46,22,true
ig_4_633_c634,ig_rahul_239,comment,Where is this?,2024-11-08 16:52:11,ig_4_633,17,0,0,true
ig_4_650_c652,ig_priya_272,comment,Love this,2024-11-08 16:52:29,ig_4_650,25,0,0,true
ig_4_600_c602,ig_arjun_274,comment,Need this,2024-11-08 16:56:52,ig_4_600,21,0,0,true
ig_4_633_c635,ig_sneha_21,comment,Haha so true,2024-11-08 17:14:08,ig_4_633,30,0,0,true
ig_4_544,ig_rahul_108,photo,Street food crawl #Foodie,2024-11-08 17:21:08,,3507,56,23,true
ig_4_552,ig_karan_69,photo,What a catch!! #INDvsAUS #TeamIndia,2024-11-08 17:21:26,,753,14,34,true
ig_4_615_c616,ig_priya_118,comment,Wow,2024-11-08 17:30:06,ig_4_615,10,0,0,true
ig_4_585,ig_vikram_220,photo,That climax though #NewRelease,2024-11-08 17:32:48,,1463,15,24,true
ig_4_561_c563,ig_karan_295,comment,So pretty!,2024-11-08 17:33:26,ig_4_561,20,0,0,true
ig_4_650_c653,ig_sneha_129,comment,Where is this?,2024-11-08 17:33:27,ig_4_650,18,0,0,true
ig_4_547_c548,ig_aditi_173,comment,Wow,2024-11-08 17:34:19,ig_4_547,28,0,0,true
ig_4_556_c557,ig_rahul_280,comment,Need this,2024-11-08 17:36:51,ig_4_556,27,0,0,true
ig_4_568_c571,ig_karan_86,comment,Need this,2024-11-08 17:50:20,ig_4_568,5,0,0,true
ig_4_647,ig_neha_245,reel,Yeh six dekha kya? #Cricket,2024-11-08 17:57:33,,3211,21,4,true
ig_4_597_c599,ig_rahul_130,comment,Bahut badhiya,2024-11-08 18:18:59,ig_4_597,16,0,0,true
ig_4_561_c562,ig_aditi_226,comment,Haha so true,2024-11-08 18:19:44,ig_4_561,14,0,0,true
ig_4_591_c592,ig_neha_102,comment,Wow,2024-11-08 18:32:13,ig_4_591,29,0,0,true
ig_4_608_c609,ig_karan_255,comment,Where is this?,2024-11-08 18:38:44,ig_4_608,21,0,0,true
ig_4_664_c665,ig_karan_114,comment,Need this,2024-11-08 18:54:25,ig_4_664,19,0,0,true
ig_4_568_c570,ig_karan_270,comment,Need this,2024-11-08 18:58:14,ig_4_568,16,0,0,true
ig_4_650_c651,ig_priya_262,comment,Bahut badhiya,2024-11-08 19:34:20,ig_4_650,18,0,0,true
ig_4_568_c569,ig_sneha_292,comment,Where is this?,2024-11-08 20:51:24,ig_4_568,2,0,0,true
ig_4_552_c553,ig_priya_279,comment,Haha so true,2024-11-08 21:19:52,ig_4_552,16,0,0,true
ig_4_585_c586,ig_aditi_316,comment,Where is this?,2024-11-08 21:27:29,ig_4_585,27,0,0,true
ig_5_737,ig_arjun_289,photo,Rangoli done! #Diwali,2024-11-09 03:04:24,,2616,47,2,true
ig_5_731,ig_vikram_104,photo,Family time this Diwali #Diwali,2024-11-09 03:06:36,,3626,6,6,true
ig_5_739,ig_aditi_123,photo,Monsoon mood #Rain,2024-11-09 03:43:48,,3195,43,2,true
ig_5_751,ig_aditi_58,photo,Yeh six dekha kya? #Cricket,2024-11-09 04:07:29,,896,33,24,true
ig_5_739_c742,ig_rahul_49,comment,Amazing,2024-11-09 04:19:54,ig_5_739,16,0,0,true
ig_5_739_c740,ig_arjun_134,comment,So pretty!,2024-11-09 04:22:19,ig_5_739,0,0,0,true
ig_5_703,ig_aditi_291,photo,Movie night with the gang #Bollywood,2024-11-09 04:24:27,,1493,1,33,true
ig_5_668,ig_karan_125,photo,Festive sweets haul #Festival,2024-11-09 04:33:22,,3037,22,6,true
ig_5_790,ig_rahul_221,photo,Monsoon mood #Rain,2024-11-09 04:39:02,,2156,10,32,true
ig_5_731_c732,ig_neha_102,comment,Great shot,2024-11-09 04:57:13,ig_5_731,18,0,0,true
ig_5_790_c791,ig_rahul_108,comment,Love this,2024-11-09 05:00:48,ig_5_790,8,0,0,true
ig_5_780,ig_sneha_128,reel,Rangoli done! #Diwali,2024-11-09 05:04:31,,2162,42,7,true
ig_5_768,ig_rahul_35,photo,Best vada pav in town #Foodie,2024-11-09 05:07:49,,1622,19,4,true
ig_5_755,ig_sneha_150,photo,Stadium vibes tonight #Cricket,2024-11-09 05:41:49,,1054,50,19,true
ig_5_668_c671,ig_aditi_151,comment,Need this,2024-11-09 05:48:02,ig_5_668,22,0,0,true
ig_5_668_c670,ig_aditi_263,comment,Same here,2024-11-09 05:54:10,ig_5_668,8,0,0,true
ig_5_681,ig_aditi_31,reel,Rangoli done! #Diwali,2024-11-09 06:00:42,,2811,19,3,true
ig_5_747,ig_arjun_106,photo,Monsoon mood #Rain,2024-11-09 06:07:52,,2529,5,34,true
ig_5_737_c738,ig_arjun_48,comment,Where is this?,2024-11-09 06:17:27,ig_5_737,1,0,0,true
ig_5_782,ig_neha_99,photo,Match day outfit ready #INDvsAUS,2024-11-09 06:21:35,,3514,23,15,true
ig_5_708,ig_priya_174,photo,Rainy chai time #Rain,2024-11-09 06:22:01,,2348,14,13,true
ig_5_751_c752,ig_arjun_208,comment,Same here,2024-11-09 06:26:13,ig_5_751,6,0,0,true
ig_5_759,ig_vikram_182,photo,That climax though #NewRelease,2024-11-09 06:27:42,,27,49,15,true
ig_5_782_c783,ig_arjun_134,comment,So pretty!,2024-11-09 06:35:37,ig_5_782,21,0,0,true
ig_5_739_c741,ig_neha_245,comment,Love this,2024-11-09 06:46:34,ig_5_739,28,0,0,true
ig_5_788,ig_aditi_227,photo,Kohli fans assemble #TeamIndia,2024-11-09 06:59:28,,2292,3,4,true
ig_5_759_c760,ig_sneha_40,comment,Haha so true,2024-11-09 07:08:05,ig_5_759,1,0,0,true
ig_5_668_c669,ig_karan_69,comment,Bahut badhiya,2024-11-09 07:13:56,ig_5_668,2,0,0,true
ig_5_755_c756,ig_arjun_14,comment,Need this,2024-11-09 07:14:48,ig_5_755,5,0,0,true
ig_5_782_c784,ig_neha_193,comment,Need this,2024-11-09 07:19:28,ig_5_782,0,0,0,true
ig_5_751_c753,ig_sneha_40,comment,So pretty!,2024-11-09 07:28:44,ig_5_751,22,0,0,true
ig_5_751_c754,ig_rahul_15,comment,Amazing,2024-11-09 07:31:47,ig_5_751,13,0,0,true
ig_5_747_c749,ig_karan_51,comment,Love this,2024-11-09 07:37:22,ig_5_747,9,0,0,true
ig_5_666,ig_rahul_163,photo,Rainy chai time #Rain,2024-11-09 07:37:42,,3258,38,12,true
ig_5_776,ig_arjun_134,reel,Street food crawl #Foodie,2024-11-09 07:40:46,,1991,6,3,true
ig_5_666_c667,ig_vikram_200,comment,Haha so true,2024-11-09 07:41:52,ig_5_666,27,0,0,true
ig_5_790_c792,ig_rahul_239,comment,Great shot,2024-11-09 07:47:53,ig_5_790,4,0,0,true
ig_5_780_c781,ig_aditi_84,comment,Bahut badhiya,2024-11-09 08:07:35,ig_5_780,29,0,0,true
ig_5_692,ig_arjun_184,reel,Movie night with the gang #Bollywood,2024-11-09 08:18:17,,3648,4,35,true
ig_5_782_c785,ig_sneha_241,comment,Great shot,2024-11-09 08:19:35,ig_5_782,3,0,0,true
ig_5_722,ig_sneha_241,photo,Diwali lights at home #Diwali #Festival,2024-11-09 08:27:29,,3754,21,20,true
ig_5_708_c709,ig_aditi_144,comment,Same here,2024-11-09 08:31:50,ig_5_708,0,0,0,true
ig_5_776_c778,ig_aditi_31,comment,Love this,2024-11-09 08:53:11,ig_5_776,8,0,0,true
ig_5_759_c761,ig_karan_160,comment,Wow,2024-11-09 08:58:55,ig_5_759,11,0,0,true
ig_5_695,ig_karan_255,photo,That climax though #NewRelease,2024-11-09 08:59:58,,3563,11,9,true
ig_5_747_c748,ig_arjun_48,comment,Love this,2024-11-09 09:03:39,ig_5_747,27,0,0,true
ig_5_776_c779,ig_vikram_66,comment,Need this,2024-11-09 09:09:19,ig_5_776,23,0,0,true
ig_5_788_c789,ig_neha_247,comment,Where is this?,2024-11-09 09:15:26,ig_5_788,27,0,0,true
ig_5_695_c697,ig_arjun_33,comment,Wow,2024-11-09 09:17:52,ig_5_695,0,0,0,true
ig_5_722_c724,ig_karan_260,comment,Wow,2024-11-09 09:19:17,ig_5_722,8,0,0,true
ig_5_726,ig_arjun_196,reel,Homemade biryani #Foodie,2024-11-09 09:33:04,,568,8,0,true
ig_5_681_c683,ig_rahul_139,comment,Bahut badhiya,2024-11-09 09:34:49,ig_5_681,15,0,0,true
ig_5_755_c757,ig_aditi_226,comment,Amazing,2024-11-09 09:37:16,ig_5_755,20,0,0,true
ig_5_772,ig_arjun_48,photo,Family time this Diwali #Diwali,2024-11-09 09:40:26,,1422,20,13,true
ig_5_715,ig_priya_174,photo,Street food crawl #Foodie,2024-11-09 09:49:11,,1670,10,18,true
ig_5_681_c682,ig_arjun_196,comment,Need this,2024-11-09 09:51:41,ig_5_681,5,0,0,true
ig_5_695_c696,ig_priya_147,comment,Amazing,2024-11-09 09:52:41,ig_5_695,21,0,0,true
ig_5_715_c716,ig_karan_39,comment,Haha so true,2024-11-09 09:55:07,ig_5_715,24,0,0,true
ig_5_776_c777,ig_rahul_130,comment,Love this,2024-11-09 09:58:20,ig_5_776,7,0,0,true
ig_5_688,ig_karan_286,photo,Homemade biryani #Foodie,2024-11-09 10:03:11,,3102,4,17,true
ig_5_722_c723,ig_vikram_65,comment,Love this,2024-11-09 10:35:13,ig_5_722,8,0,0,true
ig_5_769,ig_priya_37,reel,Stadium vibes tonight #Cricket,2024-11-09 11:02:06,,2302,7,31,true
ig_5_762,ig_vikram_234,reel,Yeh six dekha kya? #Cricket,2024-11-09 11:03:33,,238,41,34,true
ig_5_678,ig_arjun_208,photo,Rainy chai time #Rain,2024-11-09 11:13:23,,2639,24,31,true
ig_5_722_c725,ig_rahul_10,comment,Where is this?,2024-11-09 11:18:31,ig_5_722,30,0,0,true
ig_5_695_c698,ig_rahul_293,comment,Where is this?,2024-11-09 11:19:30,ig_5_695,12,0,0,true
ig_5_786,ig_sneha_251,reel,Monsoon mood #Rain,2024-11-09 11:19:46,,2006,30,11,true
ig_5_744,ig_karan_43,photo,Yeh six dekha kya? #Cricket,2024-11-09 11:20:18,,2530,38,34,true
ig_5_673,ig_priya_229,reel,Yeh six dekha kya? #Cricket,2024-11-09 11:21:40,,3669,9,38,true
ig_5_673_c676,ig_karan_295,comment,Haha so true,2024-11-09 11:34:46,ig_5_673,12,0,0,true
ig_5_786_c787,ig_aditi_218,comment,Great shot,2024-11-09 11:36:13,ig_5_786,6,0,0,true
ig_5_699,ig_vikram_140,photo,Rangoli done! #Diwali,2024-11-09 11:36:21,,639,14,15,true
ig_5_688_c690,ig_sneha_62,comment,Bahut badhiya,2024-11-09 11:52:12,ig_5_688,0,0,0,true
ig_5_678_c679,ig_rahul_142,comment,Need this,2024-11-09 11:53:54,ig_5_678,18,0,0,true
ig_5_673_c675,ig_aditi_138,comment,Amazing,2024-11-09 12:08:20,ig_5_673,29,0,0,true
ig_5_765,ig_aditi_314,photo,Festive sweets haul #Festival,2024-11-09 12:09:32,,3104,25,15,true
ig_5_688_c689,ig_arjun_185,comment,Wow,2024-11-09 12:11:10,ig_5_688,9,0,0,true
ig_5_743,ig_rahul_165,reel,Family time this Diwali #Diwali,2024-11-09 12:14:18,,3773,56,0,true
ig_5_684,ig_sneha_224,photo,Festive sweets haul #Festival,2024-11-09 12:18:38,,1501,25,20,true
ig_5_684_c687,ig_priya_81,comment,Need this,2024-11-09 12:31:06,ig_5_684,8,0,0,true
ig_5_765_c766,ig_karan_131,comment,So pretty!,2024-11-09 12:33:22,ig_5_765,27,0,0,true
ig_5_769_c771,ig_karan_155,comment,Wow,2024-11-09 12:41:26,ig_5_769,22,0,0,true
ig_5_764,ig_arjun_111,reel,What a catch!! #INDvsAUS #TeamIndia,2024-11-09 12:43:00,,2945,16,27,true
ig_5_684_c685,ig_sneha_241,comment,Bahut badhiya,2024-11-09 12:47:24,ig_5_684,29,0,0,true
ig_5_745,ig_aditi_314,reel,Match day outfit ready #INDvsAUS,2024-11-09 12:55:18,,2767,0,35,true
ig_5_693,ig_karan_211,photo,Best vada pav in town #Foodie,2024-11-09 13:10:15,,475,59,19,true
ig_5_795,ig_sneha_16,photo,Monsoon mood #Rain,2024-11-09 13:18:13,,3184,31,38,true
ig_5_673_c674,ig_priya_17,comment,Need this,2024-11-09 13:18:29,ig_5_673,0,0,0,true
ig_5_688_c691,ig_sneha_21,comment,Haha so true,2024-11-09 13:21:56,ig_5_688,18,0,0,true
ig_5_721,ig_sneha_215,photo,Family time this Diwali #Diwali,2024-11-09 13:22:11,,3185,6,21,true
ig_5_794,ig_arjun_243,photo,Stadium vibes tonight #Cricket,2024-11-09 13:33:07,,2107,0,40,true
ig_5_718,ig_rahul_32,reel,Homemade biryani #Foodie,2024-11-09 13:47:33,,73,53,40,true
ig_5_762_c763,ig_arjun_208,comment,Haha so true,2024-11-09 13:49:43,ig_5_762,30,0,0,true
ig_5_727,ig_priya_272,reel,Diwali lights at home #Diwali #Festival,2024-11-09 13:55:05,,3350,53,5,true
ig_5_677,ig_priya_143,photo,Rangoli done! #Diwali,2024-11-09 14:12:38,,1212,49,34,true
ig_5_684_c686,ig_sneha_318,comment,Great shot,2024-11-09 14:19:56,ig_5_684,13,0,0,true
ig_5_678_c680,ig_priya_253,comment,So pretty!,2024-11-09 14:24:16,ig_5_678,11,0,0,true
ig_5_733,ig_aditi_291,photo,Monsoon mood #Rain,2024-11-09 14:25:31,,3549,30,10,true
ig_5_758,ig_vikram_166,reel,Monsoon mood #Rain,2024-11-09 14:26:05,,73,26,34,true
ig_5_750,ig_priya_75,photo,First day first show #Bollywood,2024-11-09 14:26:10,,1391,49,12,true
ig_5_769_c770,ig_aditi_230,comment,Amazing,2024-11-09 14:38:17,ig_5_769,8,0,0,true
ig_5_765_c767,ig_aditi_107,comment,Bahut badhiya,2024-11-09 14:38:41,ig_5_765,20,0,0,true
ig_5_710,ig_arjun_14,photo,Festive sweets haul #Festival,2024-11-09 14:40:16,,1756,23,4,true
ig_5_733_c736,ig_aditi_306,comment,Wow,2024-11-09 14:42:27,ig_5_733,7,0,0,true
ig_5_717,ig_aditi_100,photo,Rangoli done! #Diwali,2024-11-09 14:51:12,,2314,48,18,true
ig_5_795_c796,ig_sneha_186,comment,Amazing,2024-11-09 14:52:24,ig_5_795,28,0,0,true
ig_5_733_c735,ig_arjun_310,comment,Amazing,2024-11-09 14:55:41,ig_5_733,15,0,0,true
ig_5_718_c720,ig_karan_161,comment,Need this,2024-11-09 15:02:19,ig_5_718,1,0,0,true
ig_5_713,ig_priya_272,reel,Kohli fans assemble #TeamIndia,2024-11-09 15:03:45,,312,41,30,true
ig_5_793,ig_neha_162,reel,Kohli fans assemble #TeamIndia,2024-11-09 15:06:03,,2735,50,23,true
ig_5_710_c711,ig_neha_45,comment,Same here,2024-11-09 15:09:01,ig_5_710,12,0,0,true
ig_5_727_c729,ig_rahul_36,comment,Need this,2024-11-09 15:17:38,ig_5_727,17,0,0,true
ig_5_773,ig_aditi_115,reel,Monsoon mood #Rain,2024-11-09 15:25:53,,3308,22,21,true
ig_5_704,ig_vikram_166,reel,Match day outfit ready #INDvsAUS,2024-11-09 15:34:44,,2597,48,8,true
ig_5_704_c705,ig_vikram_140,comment,Haha so true,2024-11-09 15:50:48,ig_5_704,14,0,0,true
ig_5_745_c746,ig_sneha_12,comment,Amazing,2024-11-09 16:14:45,ig_5_745,25,0,0,true
ig_5_693_c694,ig_aditi_90,comment,Love this,2024-11-09 16:16:37,ig_5_693,12,0,0,true
ig_5_718_c719,ig_karan_285,comment,Need this,2024-11-09 16:18:55,ig_5_718,18,0,0,true
ig_5_710_c712,ig_priya_262,comment,Same here,2024-11-09 16:19:37,ig_5_710,21,0,0,true
ig_5_700,ig_neha_195,photo,Movie night with the gang #Bollywood,2024-11-09 16:28:56,,2671,45,24,true
ig_5_727_c730,ig_aditi_236,comment,Great shot,2024-11-09 17:00:06,ig_5_727,28,0,0,true
ig_5_672,ig_neha_30,photo,Clouds over the city #Monsoon,2024-11-09 17:04:02,,2040,23,1,true
ig_5_733_c734,ig_vikram_122,comment,Great shot,2024-11-09 17:12:13,ig_5_733,15,0,0,true
ig_5_700_c702,ig_rahul_139,comment,Same here,2024-11-09 17:21:38,ig_5_700,7,0,0,true
ig_5_727_c728,ig_priya_22,comment,Where is this?,2024-11-09 17:28:40,ig_5_727,17,0,0,true
ig_5_704_c706,ig_neha_302,comment,Haha so true,2024-11-09 17:58:30,ig_5_704,1,0,0,true
ig_5_773_c775,ig_neha_45,comment,Amazing,2024-11-09 18:34:06,ig_5_773,21,0,0,true
ig_5_773_c774,ig_vikram_319,comment,So pretty!,2024-11-09 18:49:09,ig_5_773,2,0,0,true
ig_5_704_c707,ig_priya_20,comment,Haha so true,2024-11-09 18:53:39,ig_5_704,3,0,0,true
ig_5_700_c701,ig_vikram_34,comment,Same here,2024-11-09 18:54:53,ig_5_700,16,0,0,true
ig_5_713_c714,ig_vikram_220,comment,Great shot,2024-11-09 18:56:25,ig_5_713,28,0,0,true
ig_6_878,ig_priya_210,photo,Rangoli done! #Diwali,2024-11-10 03:11:19,,3366,58,3,true
ig_6_833,ig_priya_7,photo,Homemade biryani #Foodie,2024-11-10 03:41:04,,2992,35,17,true
ig_6_936,ig_priya_63,reel,Kohli fans assemble #TeamIndia,2024-11-10 03:50:21,,2921,44,40,true
ig_6_878_c879,ig_karan_77,comment,Bahut badhiya,2024-11-10 04:13:35,ig_6_878,20,0,0,true
ig_6_936_c937,ig_sneha_57,comment,Great shot,2024-11-10 04:30:54,ig_6_936,5,0,0,true
ig_6_862,ig_priya_238,photo,Street food crawl #Foodie,2024-11-10 04:56:03,,1248,42,4,true
ig_6_903,ig_sneha_132,photo,Monsoon mood #Rain,2024-11-10 05:02:37,,1741,13,32,true
ig_6_862_c864,ig_arjun_48,comment,So pretty!,2024-11-10 05:05:38,ig_6_862,29,0,0,true
ig_6_808,ig_rahul_70,photo,Monsoon mood #Rain,2024-11-10 05:14:14,,2401,20,3,true
ig_6_862_c863,ig_karan_223,comment,Haha so true,2024-11-10 05:18:27,ig_6_862,12,0,0,true
ig_6_839,ig_arjun_46,reel,Movie night with the gang #Bollywood,2024-11-10 05:26:12,,2873,16,8,true
ig_6_808_c809,ig_aditi_119,comment,Wow,2024-11-10 05:56:05,ig_6_808,18,0,0,true
ig_6_903_c906,ig_neha_275,comment,Bahut badhiya,2024-11-10 05:59:51,ig_6_903,26,0,0,true
ig_6_858,ig_neha_162,photo,Best vada pav in town #Foodie,2024-11-10 06:19:41,,1733,49,23,true
ig_6_907,ig_neha_89,photo,Rangoli done! #Diwali,2024-11-10 06:28:56,,2418,46,7,true
ig_6_858_c859,ig_karan_161,comment,Same here,2024-11-10 06:33:50,ig_6_858,24,0,0,true
ig_6_907_c909,ig_karan_217,comment,Haha so true,2024-11-10 06:43:26,ig_6_907,30,0,0,true
ig_6_928,ig_sneha_312,photo,That climax though #NewRelease,2024-11-10 06:49:05,,88,23,24,true
ig_6_839_c840,ig_priya_174,comment,Haha so true,2024-11-10 07:25:15,ig_6_839,6,0,0,true
ig_6_907_c908,ig_aditi_304,comment,Where is this?,2024-11-10 07:35:48,ig_6_907,26,0,0,true
ig_6_803,ig_karan_233,reel,Festive sweets haul #Festival,2024-11-10 07:38:54,,150,26,11,true
ig_6_903_c905,ig_priya_174,comment,Amazing,2024-11-10 08:02:44,ig_6_903,7,0,0,true
ig_6_903_c904,ig_sneha_27,comment,Love this,2024-11-10 08:08:47,ig_6_903,25,0,0,true
ig_6_927,ig_priya_272,photo,Kohli fans assemble #TeamIndia,2024-11-10 08:14:51,,2638,60,30,true
ig_6_922,ig_karan_205,photo,Rainy chai time #Rain,2024-11-10 08:19:01,,1241,10,35,true
ig_6_886,ig_aditi_314,reel,Diwali lights at home #Diwali #Festival,2024-11-10 08:33:01,,832,55,29,true
ig_6_839_c841,ig_karan_309,comment,Haha so true,2024-11-10 08:39:50,ig_6_839,24,0,0,true
ig_6_824,ig_priya_253,photo,Movie night with the gang #Bollywood,2024-11-10 08:42:04,,931,40,13,true
ig_6_880,ig_rahul_157,reel,First day first show #Bollywood,2024-11-10 08:42:36,,2941,21,3,true
ig_6_858_c860,ig_karan_233,comment,Love this,2024-11-10 08:53:15,ig_6_858,8,0,0,true
ig_6_800,ig_aditi_84,reel,Match day outfit ready #INDvsAUS,2024-11-10 09:01:47,,974,4,30,true
ig_6_920,ig_arjun_181,photo,Kohli fans assemble #TeamIndia,2024-11-10 09:03:03,,1461,45,25,true
ig_6_846,ig_vikram_6,reel,Best vada pav in town #Foodie,2024-11-10 09:31:55,,903,6,40,true
ig_6_858_c861,ig_karan_68,comment,So pretty!,2024-11-10 09:45:56,ig_6_858,30,0,0,true
ig_6_800_c802,ig_sneha_318,comment,Where is this?,2024-11-10 09:49:35,ig_6_800,15,0,0,true
ig_6_886_c888,ig_karan_295,comment,Great shot,2024-11-10 09:50:50,ig_6_886,11,0,0,true
ig_6_798,ig_vikram_41,photo,Street food crawl #Foodie,2024-11-10 09:52:38,,1188,28,8,true
ig_6_855,ig_sneha_101,reel,Festive sweets haul #Festival,2024-11-10 09:55:34,,2828,45,30,true
ig_6_803_c804,ig_karan_211,comment,So pretty!,2024-11-10 09:56:13,ig_6_803,24,0,0,true
ig_6_907_c910,ig_vikram_0,comment,Great shot,2024-11-10 09:57:49,ig_6_907,27,0,0,true
ig_6_869,ig_karan_94,photo,Clouds over the city #Monsoon,2024-11-10 10:05:29,,3127,29,25,true
ig_6_824_c826,ig_vikram_207,comment,Same here,2024-11-10 10:24:13,ig_6_824,2,0,0,true
ig_6_846_c849,ig_neha_117,comment,So pretty!,2024-11-10 10:26:31,ig_6_846,9,0,0,true
ig_6_916,ig_karan_94,photo,Match day outfit ready #INDvsAUS,2024-11-10 10:34:06,,3168,37,31,true
ig_6_902,ig_sneha_79,photo,Rangoli done! #Diwali,2024-11-10 10:39:43,,647,40,28,true
ig_6_824_c825,ig_sneha_57,comment,So pretty!,2024-11-10 10:45:25,ig_6_824,28,0,0,true
ig_6_886_c889,ig_karan_159,comment,Need this,2024-11-10 10:51:27,ig_6_886,3,0,0,true
ig_6_865,ig_rahul_36,reel,Family time this Diwali #Diwali,2024-11-10 10:57:01,,712,15,11,true
ig_6_803_c805,ig_karan_82,comment,Where is this?,2024-11-10 10:57:58,ig_6_803,0,0,0,true
ig_6_916_c918,ig_rahul_303,comment,Haha so true,2024-11-10 11:10:31,ig_6_916,5,0,0,true
ig_6_920_c921,ig_priya_238,comment,Same here,2024-11-10 11:15:27,ig_6_920,1,0,0,true
ig_6_846_c847,ig_aditi_123,comment,Bahut badhiya,2024-11-10 11:33:14,ig_6_846,16,0,0,true
ig_6_800_c801,ig_aditi_261,comment,Great shot,2024-11-10 11:43:52,ig_6_800,6,0,0,true
ig_6_827,ig_priya_170,photo,Clouds over the city #Monsoon,2024-11-10 11:44:07,,1433,45,27,true
ig_6_890,ig_aditi_265,reel,Homemade biryani #Foodie,2024-11-10 11:48:44,,1725,0,14,true
ig_6_855_c857,ig_karan_198,comment,Wow,2024-11-10 11:52:39,ig_6_855,8,0,0,true
ig_6_880_c882,ig_rahul_277,comment,So pretty!,2024-11-10 11:53:28,ig_6_880,26,0,0,true
ig_6_916_c919,ig_aditi_119,comment,Love this,2024-11-10 11:59:49,ig_6_916,12,0,0,true
ig_6_875,ig_arjun_19,photo,That climax though #NewRelease,2024-11-10 12:05:52,,953,54,20,true
ig_6_806,ig_sneha_132,photo,Family time this Diwali #Diwali,2024-11-10 12:06:47,,2321,35,24,true
ig_6_938,ig_sneha_101,reel,Family time this Diwali #Diwali,2024-11-10 12:08:19,,1352,25,26,true
ig_6_798_c799,ig_karan_155,comment,Need this,2024-11-10 12:13:27,ig_6_798,30,0,0,true
ig_6_880_c881,ig_arjun_88,comment,Need this,2024-11-10 12:13:46,ig_6_880,4,0,0,true
ig_6_886_c887,ig_karan_159,comment,Great shot,2024-11-10 12:22:05,ig_6_886,9,0,0,true
ig_6_941,ig_neha_30,photo,First day first show #Bollywood,2024-11-10 12:23:25,,2808,57,2,true
ig_6_923,ig_arjun_204,photo,Rangoli done! #Diwali,2024-11-10 12:23:52,,1412,51,10,true
ig_6_865_c866,ig_aditi_218,comment,Need this,2024-11-10 12:25:16,ig_6_865,28,0,0,true
ig_6_846_c848,ig_priya_272,comment,Need this,2024-11-10 12:26:20,ig_6_846,0,0,0,true
ig_6_941_c942,ig_rahul_280,comment,Same here,2024-11-10 12:28:42,ig_6_941,14,0,0,true
ig_6_855_c856,ig_arjun_38,comment,Love this,2024-11-10 12:34:24,ig_6_855,19,0,0,true
ig_6_850,ig_aditi_232,photo,Rangoli done! #Diwali,2024-11-10 12:35:48,,858,19,16,true
ig_6_916_c917,ig_priya_141,comment,Great shot,2024-11-10 12:39:30,ig_6_916,15,0,0,true
ig_6_892,ig_aditi_291,reel,Yeh six dekha kya? #Cricket,2024-11-10 12:49:18,,2351,27,1,true
ig_6_938_c940,ig_neha_89,comment,Amazing,2024-11-10 12:53:08,ig_6_938,4,0,0,true
ig_6_923_c924,ig_sneha_93,comment,Bahut badhiya,2024-11-10 12:53:21,ig_6_923,28,0,0,true
ig_6_820,ig_rahul_4,photo,Festive sweets haul #Festival,2024-11-10 13:04:53,,2796,48,11,true
ig_6_827_c829,ig_karan_82,comment,Wow,2024-11-10 13:14:06,ig_6_827,30,0,0,true
ig_6_875_c877,ig_rahul_201,comment,Wow,2024-11-10 13:15:27,ig_6_875,30,0,0,true
ig_6_923_c926,ig_rahul_225,comment,Great shot,2024-11-10 13:31:15,ig_6_923,16,0,0,true
ig_6_850_c851,ig_vikram_80,comment,So pretty!,2024-11-10 13:31:40,ig_6_850,24,0,0,true
ig_6_892_c893,ig_sneha_219,comment,Love this,2024-11-10 13:35:03,ig_6_892,9,0,0,true
ig_6_875_c876,ig_arjun_187,comment,Bahut badhiya,2024-11-10 13:37:02,ig_6_875,11,0,0,true
ig_6_923_c925,ig_rahul_13,comment,Same here,2024-11-10 13:42:48,ig_6_923,15,0,0,true
ig_6_869_c870,ig_vikram_66,comment,Where is this?,2024-11-10 13:45:23,ig_6_869,15,0,0,true
ig_6_890_c891,ig_arjun_106,comment,Need this,2024-11-10 13:59:55,ig_6_890,29,0,0,true
ig_6_931,ig_rahul_71,reel,Stadium vibes tonight #Cricket,2024-11-10 14:03:02,,918,3,27,true
ig_6_938_c939,ig_aditi_228,comment,Where is this?,2024-11-10 14:05:18,ig_6_938,0,0,0,true
ig_6_797,ig_arjun_188,photo,First day first show #Bollywood,2024-11-10 14:06:20,,764,44,14,true
ig_6_813,ig_neha_89,photo,That climax though #NewRelease,2024-11-10 14:18:07,,320,33,24,true
ig_6_806_c807,ig_priya_133,comment,Where is this?,2024-11-10 14:22:33,ig_6_806,8,0,0,true
ig_6_827_c828,ig_neha_89,comment,Great shot,2024-11-10 14:31:04,ig_6_827,21,0,0,true
ig_6_820_c823,ig_karan_68,comment,Where is this?,2024-11-10 14:35:09,ig_6_820,22,0,0,true
ig_6_865_c868,ig_arjun_46,comment,Bahut badhiya,2024-11-10 14:43:26,ig_6_865,30,0,0,true
ig_6_820_c822,ig_arjun_106,comment,Haha so true,2024-11-10 14:44:16,ig_6_820,30,0,0,true
ig_6_813_c814,ig_priya_262,comment,Same here,2024-11-10 14:47:52,ig_6_813,7,0,0,true
ig_6_894,ig_vikram_182,reel,Best vada pav in town #Foodie,2024-11-10 14:49:58,,2493,51,3,true
ig_6_865_c867,ig_priya_124,comment,Great shot,2024-11-10 14:50:18,ig_6_865,3,0,0,true
ig_6_810,ig_sneha_129,photo,Rainy chai time #Rain,2024-11-10 14:51:00,,933,55,9,true
ig_6_941_c943,ig_sneha_11,comment,Same here,2024-11-10 14:56:09,ig_6_941,21,0,0,true
ig_6_834,ig_arjun_88,reel,Stadium vibes tonight #Cricket,2024-11-10 14:58:33,,36,11,14,true
ig_6_834_c835,ig_rahul_135,comment,Where is this?,2024-11-10 15:05:09,ig_6_834,3,0,0,true
ig_6_810_c811,ig_arjun_208,comment,Love this,2024-11-10 15:05:17,ig_6_810,29,0,0,true
ig_6_929,ig_neha_275,reel,That climax though #NewRelease,2024-11-10 15:09:21,,1199,52,31,true
ig_6_852,ig_karan_158,reel,First day first show #Bollywood,2024-11-10 15:24:17,,2973,19,3,true
ig_6_929_c930,ig_neha_193,comment,So pretty!,2024-11-10 15:29:23,ig_6_929,6,0,0,true
ig_6_894_c895,ig_arjun_187,comment,Wow,2024-11-10 15:29:31,ig_6_894,20,0,0,true
ig_6_830,ig_vikram_104,photo,First day first show #Bollywood,2024-11-10 15:31:59,,2445,49,12,true
ig_6_934,ig_priya_20,photo,Rainy chai time #Rain,2024-11-10 15:33:46,,1600,27,5,true
ig_6_842,ig_arjun_216,reel,Diwali lights at home #Diwali #Festival,2024-11-10 15:35:02,,959,19,4,true
ig_6_852_c853,ig_neha_45,comment,Bahut badhiya,2024-11-10 15:37:58,ig_6_852,16,0,0,true
ig_6_871,ig_priya_262,reel,Stadium vibes tonight #Cricket,2024-11-10 16:00:40,,133,16,32,true
ig_6_852_c854,ig_vikram_121,comment,Amazing,2024-11-10 16:08:00,ig_6_852,20,0,0,true
ig_6_941_c944,ig_arjun_202,comment,Haha so true,2024-11-10 16:09:56,ig_6_941,27,0,0,true
ig_6_900,ig_sneha_57,photo,Homemade biryani #Foodie,2024-11-10 16:11:03,,238,59,3,true
ig_6_830_c831,ig_vikram_154,comment,Bahut badhiya,2024-11-10 16:12:52,ig_6_830,2,0,0,true
ig_6_911,ig_karan_286,photo,Stadium vibes tonight #Cricket,2024-11-10 16:27:54,,1330,29,10,true
ig_6_816,ig_karan_285,reel,Movie night with the gang #Bollywood,2024-11-10 16:28:53,,2445,57,16,true
ig_6_813_c815,ig_karan_255,comment,Haha so true,2024-11-10 16:39:39,ig_6_813,25,0,0,true
ig_6_945,ig_arjun_287,photo,Match day outfit ready #INDvsAUS,2024-11-10 16:43:21,,736,44,24,true
ig_6_896,ig_sneha_103,reel,Kohli fans assemble #TeamIndia,2024-11-10 16:56:47,,2131,46,11,true
ig_6_820_c821,ig_vikram_166,comment,Where is this?,2024-11-10 16:59:42,ig_6_820,2,0,0,true
ig_6_836,ig_sneha_101,reel,Kohli fans assemble #TeamIndia,2024-11-10 17:01:08,,320,33,22,true
ig_6_896_c897,ig_priya_279,comment,Haha so true,2024-11-10 17:01:22,ig_6_896,27,0,0,true
ig_6_931_c933,ig_vikram_282,comment,Love this,2024-11-10 17:08:59,ig_6_931,4,0,0,true
ig_6_836_c838,ig_sneha_132,comment,Need this,2024-11-10 17:16:13,ig_6_836,2,0,0,true
ig_6_871_c872,ig_neha_76,comment,Same here,2024-11-10 17:19:08,ig_6_871,5,0,0,true
ig_6_816_c818,ig_arjun_187,comment,Haha so true,2024-11-10 17:32:09,ig_6_816,26,0,0,true
ig_6_883,ig_aditi_173,photo,Homemade biryani #Foodie,2024-11-10 17:41:15,,3224,47,13,true
ig_6_896_c899,ig_arjun_287,comment,Amazing,2024-11-10 17:42:25,ig_6_896,29,0,0,true
ig_6_931_c932,ig_sneha_62,comment,Love this,2024-11-10 17:50:25,ig_6_931,17,0,0,true
ig_6_842_c843,ig_arjun_48,comment,Love this,2024-11-10 17:56:33,ig_6_842,6,0,0,true
ig_6_913,ig_neha_116,reel,Family time this Diwali #Diwali,2024-11-10 17:56:52,,1480,39,27,true
ig_6_883_c884,ig_arjun_184,comment,Where is this?,2024-11-10 17:58:30,ig_6_883,3,0,0,true
ig_6_911_c912,ig_karan_278,comment,Need this,2024-11-10 18:07:04,ig_6_911,23,0,0,true
ig_6_871_c874,ig_vikram_0,comment,Where is this?,2024-11-10 18:19:30,ig_6_871,0,0,0,true
ig_6_810_c812,ig_karan_53,comment,So pretty!,2024-11-10 18:28:09,ig_6_810,2,0,0,true
ig_6_871_c873,ig_priya_174,comment,Where is this?,2024-11-10 18:39:40,ig_6_871,1,0,0,true
ig_6_913_c915,ig_karan_43,comment,Amazing,2024-11-10 18:44:49,ig_6_913,10,0,0,true
ig_6_842_c844,ig_karan_231,comment,Great shot,2024-11-10 18:45:21,ig_6_842,7,0,0,true
ig_6_842_c845,ig_sneha_318,comment,Love this,2024-11-10 18:53:21,ig_6_842,15,0,0,true
ig_6_830_c832,ig_neha_307,comment,Great shot,2024-11-10 18:56:12,ig_6_830,28,0,0,true
ig_6_816_c819,ig_priya_37,comment,So pretty!,2024-11-10 18:59:27,ig_6_816,15,0,0,true
ig_6_816_c817,ig_sneha_92,comment,Bahut badhiya,2024-11-10 19:04:02,ig_6_816,13,0,0,true
ig_6_934_c935,ig_vikram_305,comment,Amazing,2024-11-10 19:28:15,ig_6_934,1,0,0,true
ig_6_900_c901,ig_aditi_258,comment,So pretty!,2024-11-10 19:47:35,ig_6_900,27,0,0,true
ig_6_945_c946,ig_sneha_2,comment,Haha so true,2024-11-10 19:56:14,ig_6_945,25,0,0,true
ig_6_836_c837,ig_arjun_149,comment,Wow,2024-11-10 20:01:03,ig_6_836,27,0,0,true
ig_6_913_c914,ig_karan_158,comment,Amazing,2024-11-10 20:29:59,ig_6_913,14,0,0,true
ig_6_896_c898,ig_karan_73,comment,Same here,2024-11-10 20:46:28,ig_6_896,26,0,0,true
ig_6_883_c885,ig_neha_167,comment,So pretty!,2024-11-10 21:18:11,ig_6_883,0,0,0,true
